Time and Attendance Report,,,,,,,,,,,
,,,,,,,,,,,
,,,,,,,,,,,
Report Generated: 11/25/2015 10:37:52AM,Generated By: GenericAdminID 1,"Sorted By: User Name, Event Date, In Time",,,,,,,,,
Report Range: 10/24/2015 00:00:00 to 11/25/2015 11:59:59 PM,,,,,,,,,,,
,,,,,,,,,,,
Site: GenericSiteA,,,,,,,,,,,
,,,,,,,,,,,
User Name: Generic Employee 1,Shift Name: Default,,,,,,,,,,
Event Date,In Time,In Status,In Door,Out Time,Out Status,Out Door,Lunch,Break,Supper,Daily,Running
10/25/2015 (Sun),11:35:20AM,,In Reader,N/A,No Punch,,00:00,00:00,00:00,00:00,Error
10/26/2015 (Mon),11:48:48AM,,In Reader, 9:03:32PM,,Out Reader,00:00,00:00,00:00,09:15,09:15
10/27/2015 (Tue),11:47:28AM,,In Reader, 9:03:36PM,,Out Reader,00:00,00:00,00:00,09:15,18:30
10/29/2015 (Thu), 8:03:37PM,,In Reader,N/A,No Punch,,00:00,00:00,00:00,00:00,Error
10/31/2015 (Sat),N/A,No Punch,, 9:01:55PM,,Out Reader,00:00,00:00,00:00,00:00,Error
11/1/2015 (Sun), 8:41:45AM,,In Reader, 6:02:42PM,,Out Reader,00:00,00:00,00:00,09:15,27:45:00
11/2/2015 (Mon),10:40:41AM,,In Reader, 8:02:10PM,,Out Reader,00:00,00:00,00:00,09:15,37:00:00
11/3/2015 (Tue),N/A,No Punch,, 8:01:50PM,,Out Reader,00:00,00:00,00:00,00:00,Error
11/5/2015 (Thu),10:29:25AM,,In Reader, 8:03:53PM,,Out Reader,00:00,00:00,00:00,09:30,46:30:00
11/7/2015 (Sat),10:49:25AM,,In Reader, 8:02:08PM,,Out Reader,00:00,00:00,00:00,09:00,55:30:00
11/8/2015 (Sun),10:45:02AM,,In Reader,N/A,No Punch,,00:00,00:00,00:00,00:00,Error
11/9/2015 (Mon),10:45:34AM,,In Reader, 8:04:53PM,,Out Reader,00:00,00:00,00:00,09:15,64:45:00
11/10/2015 (Tue),10:46:09AM,,In Reader, 8:02:57PM,,Out Reader,00:00,00:00,00:00,09:15,74:00:00
11/11/2015 (Wed),N/A,No Punch,, 8:03:08PM,,Out Reader,00:00,00:00,00:00,00:00,Error
11/14/2015 (Sat),10:27:29AM,,In Reader,N/A,No Punch,,00:00,00:00,00:00,00:00,Error
11/16/2015 (Mon),10:57:31AM,,In Reader, 8:05:25PM,,Out Reader,00:00,00:00,00:00,09:00,83:00:00
11/17/2015 (Tue),10:33:13AM,,In Reader, 8:03:43PM,,Out Reader,00:00,00:00,00:00,09:30,92:30:00
11/18/2015 (Wed),N/A,No Punch,, 8:06:30PM,,Out Reader,00:00,00:00,00:00,00:00,Error
11/21/2015 (Sat), 9:43:10AM,,In Reader, 7:02:47PM,,Out Reader,00:00,00:00,00:00,09:15,101:45:00
11/22/2015 (Sun),10:41:26AM,,In Reader, 8:02:12PM,,Out Reader,00:00,00:00,00:00,09:15,111:00:00
11/23/2015 (Mon),N/A,No Punch,, 8:02:02PM,,Out Reader,00:00,00:00,00:00,00:00,Error
11/24/2015 (Tue),10:35:43AM,,In Reader,N/A,No Punch,,00:00,00:00,00:00,00:00,Error
,,,,,,,,,,,
Regular Time:,111:00:00,,,,,,,,,,
Overtime:,00:00,,,,,,,,,,
Grand Total:,Missing Punch,,,,,,,,,,
,,,,,,,,,,,
User Name: Generic Employee 2,Shift Name: Default,,,,,,,,,,
Event Date,In Time,In Status,In Door,Out Time,Out Status,Out Door,Lunch,Break,Supper,Daily,Running
10/26/2015 (Mon),11:48:43AM,,In Reader, 9:01:36PM,,Out Reader,00:00,00:00,00:00,09:15,09:15
10/28/2015 (Wed),11:52:24AM,,In Reader, 9:01:30PM,,Out Reader,00:00,00:00,00:00,09:00,18:15
10/29/2015 (Thu),11:36:32AM,,In Reader, 9:01:10PM,,Out Reader,00:00,00:00,00:00,09:15,27:30:00
10/30/2015 (Fri), 8:45:37AM,,In Reader, 6:02:01PM,,Out Reader,00:00,00:00,00:00,09:15,36:45:00
11/4/2015 (Wed), 7:47:15AM,,In Reader, 5:02:20PM,,Out Reader,00:00,00:00,00:00,09:15,46:00:00
11/7/2015 (Sat),N/A,No Punch,, 6:01:14PM,,Out Reader,00:00,00:00,00:00,00:00,Error
11/8/2015 (Sun),10:44:03AM,,In Reader, 8:02:24PM,,Out Reader,00:00,00:00,00:00,09:15,55:15:00
11/10/2015 (Tue),10:36:10AM,,In Reader, 8:03:01PM,,Out Reader,00:00,00:00,00:00,09:15,64:30:00
11/11/2015 (Wed),10:45:36AM,,In Reader,N/A,No Punch,,00:00,00:00,00:00,00:00,Error
11/17/2015 (Tue),10:34:41AM,,In Reader, 8:02:00PM,,Out Reader,00:00,00:00,00:00,09:15,73:45:00
11/19/2015 (Thu), 9:39:43AM,,In Reader, 7:08:49PM,,Out Reader,00:00,00:00,00:00,09:15,83:00:00
11/20/2015 (Fri), 7:52:54AM,,In Reader, 5:01:56PM,,Out Reader,00:00,00:00,00:00,09:00,92:00:00
11/21/2015 (Sat), 7:33:46AM,,In Reader, 5:01:12PM,,Out Reader,00:00,00:00,00:00,09:30,101:30:00
11/24/2015 (Tue), 7:52:56AM,,In Reader, 5:02:44PM,,Out Reader,00:00,00:00,00:00,09:00,110:30:00
,,,,,,,,,,,
Regular Time:,110:30:00,,,,,,,,,,
Overtime:,00:00,,,,,,,,,,
Grand Total:,Missing Punch,,,,,,,,,,
,,,,,,,,,,,
User Name: Generic Employee 3,Shift Name: Default,,,,,,,,,,
Event Date,In Time,In Status,In Door,Out Time,Out Status,Out Door,Lunch,Break,Supper,Daily,Running
10/25/2015 (Sun), 8:41:07AM,,In Reader,N/A,No Punch,,00:00,00:00,00:00,00:00,Error
10/26/2015 (Mon), 8:49:28AM,,In Reader, 6:05:41PM,,Out Reader,00:00,00:00,00:00,09:00,09:00
10/27/2015 (Tue), 8:43:49AM,,In Reader, 6:07:48PM,,Out Reader,00:00,00:00,00:00,09:15,18:15
10/29/2015 (Thu),11:48:01AM,,In Reader, 9:04:45PM,,Out Reader,00:00,00:00,00:00,09:15,27:30:00
10/30/2015 (Fri),11:42:23AM,,In Reader, 9:02:21PM,,Out Reader,00:00,00:00,00:00,09:15,36:45:00
10/31/2015 (Sat),11:16:30AM,,In Reader, 9:02:33PM,,Out Reader,00:00,00:00,00:00,09:45,46:30:00
11/3/2015 (Tue), 7:39:34AM,,In Reader, 5:03:29PM,,Out Reader,00:00,00:00,00:00,09:15,55:45:00
11/4/2015 (Wed), 7:41:44AM,,In Reader, 5:05:54PM,,Out Reader,00:00,00:00,00:00,09:15,65:00:00
11/5/2015 (Thu), 7:42:14AM,,In Reader, 5:03:11PM,,Out Reader,00:00,00:00,00:00,09:15,74:15:00
11/6/2015 (Fri),10:45:33AM,,In Reader, 8:04:59PM,,Out Reader,00:00,00:00,00:00,09:15,83:30:00
11/10/2015 (Tue),10:46:06AM,,In Reader, 8:03:07PM,,Out Reader,00:00,00:00,00:00,09:15,92:45:00
11/11/2015 (Wed), 7:45:39AM,,In Reader, 5:04:02PM,,Out Reader,00:00,00:00,00:00,09:15,102:00:00
11/12/2015 (Thu), 7:43:42AM,,In Reader, 5:02:50PM,,Out Reader,00:00,00:00,00:00,09:15,111:15:00
11/13/2015 (Fri),10:49:04AM,,In Reader, 8:03:52PM,,Out Reader,00:00,00:00,00:00,09:00,120:15:00
11/15/2015 (Sun), 7:45:41AM,,In Reader, 5:03:48PM,,Out Reader,00:00,00:00,00:00,09:15,129:30:00
11/16/2015 (Mon),10:43:27AM,,In Reader, 8:02:10PM,,Out Reader,00:00,00:00,00:00,09:15,138:45:00
11/17/2015 (Tue),10:44:07AM,,In Reader, 8:02:21PM,,Out Reader,00:00,00:00,00:00,09:15,148:00:00
11/18/2015 (Wed), 7:58:08AM,,In Reader, 5:05:05PM,,Out Reader,00:00,00:00,00:00,09:00,157:00:00
11/19/2015 (Thu),10:45:37AM,,In Reader, 8:02:27PM,,Out Reader,00:00,00:00,00:00,09:15,166:15:00
11/23/2015 (Mon), 7:49:30AM,,In Reader, 5:03:50PM,,Out Reader,00:00,00:00,00:00,09:00,175:15:00
11/24/2015 (Tue),10:47:06AM,,In Reader, 8:03:47PM,,Out Reader,00:00,00:00,00:00,09:15,184:30:00
,,,,,,,,,,,
Regular Time:,171:45:00,,,,,,,,,,
Overtime:,12:45,,,,,,,,,,
Grand Total:,Missing Punch,,,,,,,,,,
,,,,,,,,,,,
User Name: Generic Employee 4,Shift Name: Default,,,,,,,,,,
Event Date,In Time,In Status,In Door,Out Time,Out Status,Out Door,Lunch,Break,Supper,Daily,Running
10/26/2015 (Mon), 8:59:24AM,,In Reader, 6:05:52PM,,Out Reader,00:00,00:00,00:00,09:00,09:00
10/27/2015 (Tue), 8:55:35AM,,In Reader, 6:51:03PM,,Out Reader,00:00,00:00,00:00,09:45,18:45
10/28/2015 (Wed), 9:08:49AM,,In Reader, 6:05:28PM,,Out Reader,00:00,00:00,00:00,08:45,27:30:00
10/29/2015 (Thu), 9:02:24AM,,In Reader, 6:17:01PM,,Out Reader,00:00,00:00,00:00,09:15,36:45:00
10/30/2015 (Fri), 9:04:14AM,,In Reader, 6:02:33PM,,Out Reader,00:00,00:00,00:00,08:45,45:30:00
11/2/2015 (Mon), 8:58:11AM,,In Reader, 5:07:53PM,,Out Reader,00:00,00:00,00:00,08:00,53:30:00
11/3/2015 (Tue), 8:06:07AM,,In Reader, 5:06:37PM,,Out Reader,00:00,00:00,00:00,08:45,62:15:00
11/5/2015 (Thu), 8:03:47AM,,In Reader, 5:04:02PM,,Out Reader,00:00,00:00,00:00,09:00,71:15:00
11/6/2015 (Fri), 8:00:31AM,,In Reader, 5:19:14PM,,Out Reader,00:00,00:00,00:00,09:15,80:30:00
11/9/2015 (Mon), 8:00:48AM,,In Reader, 5:05:06PM,,Out Reader,00:00,00:00,00:00,09:00,89:30:00
11/10/2015 (Tue), 7:55:54AM,,In Reader, 6:51:26PM,,Out Reader,00:00,00:00,00:00,10:45,100:15:00
11/16/2015 (Mon),N/A,No Punch,, 5:02:56PM,,Out Reader,00:00,00:00,00:00,00:00,Error
11/17/2015 (Tue), 8:04:47AM,,In Reader, 5:03:54PM,,Out Reader,00:00,00:00,00:00,08:45,109:00:00
11/18/2015 (Wed), 8:26:18AM,,In Reader, 5:21:23PM,,Out Reader,00:00,00:00,00:00,08:45,117:45:00
11/19/2015 (Thu), 9:01:29AM,,In Reader, 5:28:27PM,,Out Reader,00:00,00:00,00:00,08:15,126:00:00
11/20/2015 (Fri), 8:03:51AM,,In Reader, 5:05:12PM,,Out Reader,00:00,00:00,00:00,09:00,135:00:00
11/23/2015 (Mon), 8:07:34AM,,In Reader, 5:07:02PM,,Out Reader,00:00,00:00,00:00,08:45,143:45:00
11/24/2015 (Tue), 8:11:38AM,,In Reader,N/A,No Punch,,00:00,00:00,00:00,00:00,Error
11/25/2015 (Wed), 8:07:55AM,,In Reader,N/A,No Punch,,00:00,00:00,00:00,00:00,Error
,,,,,,,,,,,
Regular Time:,138:15:00,,,,,,,,,,
Overtime:,05:30,,,,,,,,,,
Grand Total:,Missing Punch,,,,,,,,,,
,,,,,,,,,,,
User Name: Generic Employee 5,Shift Name: Default,,,,,,,,,,
Event Date,In Time,In Status,In Door,Out Time,Out Status,Out Door,Lunch,Break,Supper,Daily,Running
10/25/2015 (Sun),11:36:58AM,,In Reader, 8:48:26PM,,Out Reader,00:00,00:00,00:00,09:00,09:00
10/26/2015 (Mon),10:41:02AM,,In Reader, 8:08:35PM,,Out Reader,00:00,00:00,00:00,09:15,18:15
10/27/2015 (Tue),11:33:31AM,,In Reader, 8:51:17PM,,Out Reader,00:00,00:00,00:00,09:15,27:30:00
10/28/2015 (Wed), 8:40:08AM,,In Reader, 6:04:35PM,,Out Reader,00:00,00:00,00:00,09:15,36:45:00
10/29/2015 (Thu), 8:34:08AM,,In Reader, 5:48:28PM,,Out Reader,00:00,00:00,00:00,09:00,45:45:00
10/31/2015 (Sat), 9:49:48AM,,In Reader, 5:44:56PM,,Out Reader,00:00,00:00,00:00,07:30,53:15:00
11/3/2015 (Tue), 4:44:48PM,,In Reader, 4:44:50PM,,Out Reader,00:00,00:00,00:00,00:00,53:15:00
11/5/2015 (Thu), 7:33:47AM,,In Reader, 4:37:27PM,,Out Reader,00:00,00:00,00:00,09:00,62:15:00
11/6/2015 (Fri),10:43:50AM,,In Reader, 7:50:14PM,,Out Reader,00:00,00:00,00:00,09:00,71:15:00
11/7/2015 (Sat), 9:55:17AM,,In Reader, 6:52:31PM,,Out Reader,00:00,00:00,00:00,08:45,80:00:00
11/8/2015 (Sun),N/A,No Punch,, 7:56:47PM,,Out Reader,00:00,00:00,00:00,00:00,Error
11/9/2015 (Mon),10:45:26AM,,In Reader, 7:54:35PM,,Out Reader,00:00,00:00,00:00,09:00,89:00:00
11/12/2015 (Thu), 7:35:56AM,,In Reader, 4:53:39PM,,Out Reader,00:00,00:00,00:00,09:00,98:00:00
11/13/2015 (Fri),10:57:17AM,,In Reader, 7:52:36PM,,Out Reader,00:00,00:00,00:00,08:45,106:45:00
11/14/2015 (Sat), 7:37:04AM,,In Reader, 4:55:31PM,,Out Reader,00:00,00:00,00:00,09:00,115:45:00
11/15/2015 (Sun),10:25:20AM,,In Reader, 7:55:25PM,,Out Reader,00:00,00:00,00:00,09:15,125:00:00
11/16/2015 (Mon),10:58:20AM,,In Reader, 7:55:03PM,,Out Reader,00:00,00:00,00:00,08:45,133:45:00
11/19/2015 (Thu),10:37:11AM,,In Reader, 8:01:09PM,,Out Reader,00:00,00:00,00:00,09:15,143:00:00
11/20/2015 (Fri),10:48:19AM,,In Reader, 7:50:05PM,,Out Reader,00:00,00:00,00:00,09:00,152:00:00
11/21/2015 (Sat), 7:34:53AM,,In Reader, 4:56:50PM,,Out Reader,00:00,00:00,00:00,09:00,161:00:00
11/22/2015 (Sun),10:18:02AM,,In Reader, 6:02:26PM,,Out Reader,00:00,00:00,00:00,07:45,168:45:00
,,,,,,,,,,,
Regular Time:,157:45:00,,,,,,,,,,
Overtime:,11:00,,,,,,,,,,
Grand Total:,Missing Punch,,,,,,,,,,
,,,,,,,,,,,
User Name: Generic Employee 6,Shift Name: Default,,,,,,,,,,
Event Date,In Time,In Status,In Door,Out Time,Out Status,Out Door,Lunch,Break,Supper,Daily,Running
10/26/2015 (Mon), 8:56:36AM,,In Reader, 6:03:47PM,,Out Reader,00:00,00:00,00:00,09:00,09:00
10/27/2015 (Tue),11:55:30AM,,In Reader, 9:03:31PM,,Out Reader,00:00,00:00,00:00,09:00,18:00
10/30/2015 (Fri),11:52:18AM,,In Reader, 9:03:20PM,,Out Reader,00:00,00:00,00:00,09:00,27:00:00
11/1/2015 (Sun), 8:41:50AM,,In Reader, 6:02:45PM,,Out Reader,00:00,00:00,00:00,09:15,36:15:00
11/2/2015 (Mon),10:11:59AM,,In Reader, 5:03:10PM,,Out Reader,00:00,00:00,00:00,06:45,43:00:00
11/3/2015 (Tue),10:51:40AM,,In Reader, 8:05:18PM,,Out Reader,00:00,00:00,00:00,09:00,52:00:00
11/4/2015 (Wed),10:41:38AM,,In Reader, 8:05:25PM,,Out Reader,00:00,00:00,00:00,09:15,61:15:00
11/5/2015 (Thu),10:34:22AM,,In Reader, 8:02:58PM,,Out Reader,00:00,00:00,00:00,09:15,70:30:00
11/7/2015 (Sat),10:52:54AM,,In Reader, 8:03:24PM,,Out Reader,00:00,00:00,00:00,09:00,79:30:00
11/9/2015 (Mon), 7:48:59AM,,In Reader, 5:02:56PM,,Out Reader,00:00,00:00,00:00,09:15,88:45:00
11/11/2015 (Wed), 7:41:34AM,,In Reader, 5:03:17PM,,Out Reader,00:00,00:00,00:00,09:15,98:00:00
11/12/2015 (Thu),10:30:48AM,,In Reader, 8:01:47PM,,Out Reader,00:00,00:00,00:00,09:30,107:30:00
11/16/2015 (Mon),N/A,No Punch,, 8:05:57PM,,Out Reader,00:00,00:00,00:00,00:00,Error
11/21/2015 (Sat),10:50:12AM,,In Reader, 8:07:42PM,,Out Reader,00:00,00:00,00:00,09:00,116:30:00
11/22/2015 (Sun), 7:49:31AM,,In Reader, 5:07:24PM,,Out Reader,00:00,00:00,00:00,09:00,125:30:00
11/24/2015 (Tue), 8:56:13AM,,In Reader, 6:09:54PM,,Out Reader,00:00,00:00,00:00,09:00,134:30:00
11/25/2015 (Wed), 7:56:53AM,,In Reader,N/A,No Punch,,00:00,00:00,00:00,00:00,Error
,,,,,,,,,,,
Regular Time:,131:00:00,,,,,,,,,,
Overtime:,03:30,,,,,,,,,,
Grand Total:,Missing Punch,,,,,,,,,,
,,,,,,,,,,,
User Name: Generic Employee 7,Shift Name: Default,,,,,,,,,,
Event Date,In Time,In Status,In Door,Out Time,Out Status,Out Door,Lunch,Break,Supper,Daily,Running
10/24/2015 (Sat), 7:44:47AM,,In Reader, 5:01:36PM,,Out Reader,00:00,00:00,00:00,09:15,09:15
10/25/2015 (Sun),N/A,No Punch,, 9:23:27AM,,Out Reader,00:00,00:00,00:00,00:00,Error
10/25/2015 (Sun),N/A,No Punch,, 7:00:56PM,,Out Reader,00:00,00:00,00:00,00:00,Error
10/27/2015 (Tue),10:44:13AM,,In Reader, 6:01:10PM,,Out Reader,00:00,00:00,00:00,07:15,16:30
10/28/2015 (Wed),11:39:55AM,,In Reader, 9:02:27PM,,Out Reader,00:00,00:00,00:00,09:15,25:45:00
10/29/2015 (Thu), 8:47:37AM,,In Reader, 6:01:28PM,,Out Reader,00:00,00:00,00:00,09:15,35:00:00
10/30/2015 (Fri), 8:55:01AM,,In Reader, 6:01:53PM,,Out Reader,00:00,00:00,00:00,09:00,44:00:00
10/31/2015 (Sat), 8:37:30AM,,In Reader, 6:01:23PM,,Out Reader,00:00,00:00,00:00,09:15,53:15:00
11/2/2015 (Mon),10:33:47AM,,In Reader, 8:01:25PM,,Out Reader,00:00,00:00,00:00,09:30,62:45:00
11/4/2015 (Wed),10:40:46AM,,In Reader, 8:02:38PM,,Out Reader,00:00,00:00,00:00,09:15,72:00:00
11/6/2015 (Fri), 7:39:45AM,,In Reader, 5:01:51PM,,Out Reader,00:00,00:00,00:00,09:15,81:15:00
11/7/2015 (Sat), 9:28:06AM,,In Reader, 2:56:21PM,,Out Reader,00:00,00:00,00:00,05:15,86:30:00
11/8/2015 (Sun), 8:28:58AM,,In Reader, 6:00:42PM,,Out Reader,00:00,00:00,00:00,09:30,96:00:00
11/9/2015 (Mon),N/A,No Punch,, 5:00:57PM,,Out Reader,00:00,00:00,00:00,00:00,Error
11/14/2015 (Sat), 9:33:28AM,,In Reader, 7:02:08PM,,Out Reader,00:00,00:00,00:00,09:30,105:30:00
11/16/2015 (Mon),10:42:41AM,,In Reader, 8:02:03PM,,Out Reader,00:00,00:00,00:00,09:15,114:45:00
11/17/2015 (Tue), 7:51:26AM,,In Reader, 5:01:18PM,,Out Reader,00:00,00:00,00:00,09:00,123:45:00
11/20/2015 (Fri), 7:53:46AM,,In Reader,N/A,No Punch,,00:00,00:00,00:00,00:00,Error
11/21/2015 (Sat),10:33:49AM,,In Reader, 8:01:38PM,,Out Reader,00:00,00:00,00:00,09:30,133:15:00
11/22/2015 (Sun),10:27:35AM,,In Reader, 8:01:53PM,,Out Reader,00:00,00:00,00:00,09:30,142:45:00
11/25/2015 (Wed),10:36:41AM,,In Reader,N/A,No Punch,,00:00,00:00,00:00,00:00,Error
,,,,,,,,,,,
Regular Time:,138:45:00,,,,,,,,,,
Overtime:,04:00,,,,,,,,,,
Grand Total:,Missing Punch,,,,,,,,,,
,,,,,,,,,,,
User Name: Generic Employee 8,Shift Name: Default,,,,,,,,,,
Event Date,In Time,In Status,In Door,Out Time,Out Status,Out Door,Lunch,Break,Supper,Daily,Running
10/24/2015 (Sat), 8:00:28AM,,In Reader,N/A,No Punch,,00:00,00:00,00:00,00:00,Error
10/25/2015 (Sun), 8:56:32AM,,In Reader,N/A,No Punch,,00:00,00:00,00:00,00:00,Error
10/26/2015 (Mon),10:58:28AM,,In Reader,N/A,No Punch,,00:00,00:00,00:00,00:00,Error
10/29/2015 (Thu),N/A,No Punch,, 9:01:46PM,,Out Reader,00:00,00:00,00:00,00:00,Error
10/30/2015 (Fri),N/A,No Punch,, 6:02:17PM,,Out Reader,00:00,00:00,00:00,00:00,Error
10/31/2015 (Sat),N/A,No Punch,, 9:01:36PM,,Out Reader,00:00,00:00,00:00,00:00,Error
11/1/2015 (Sun), 8:54:53AM,,In Reader,N/A,No Punch,,00:00,00:00,00:00,00:00,Error
11/2/2015 (Mon), 8:58:57AM,,In Reader, 5:00:52PM,,Out Reader,00:00,00:00,00:00,08:00,08:00
11/6/2015 (Fri), 7:49:11AM,,In Reader, 5:00:58PM,,Out Reader,00:00,00:00,00:00,09:00,17:00
11/7/2015 (Sat),N/A,No Punch,, 5:04:56PM,,Out Reader,00:00,00:00,00:00,00:00,Error
11/8/2015 (Sun),10:57:43AM,,In Reader,N/A,No Punch,,00:00,00:00,00:00,00:00,Error
11/10/2015 (Tue), 7:55:58AM,,In Reader,N/A,No Punch,,00:00,00:00,00:00,00:00,Error
11/12/2015 (Thu),10:56:49AM,,In Reader, 8:01:51PM,,Out Reader,00:00,00:00,00:00,09:00,26:00:00
11/13/2015 (Fri),10:56:49AM,,In Reader, 8:03:19PM,,Out Reader,00:00,00:00,00:00,09:00,35:00:00
11/16/2015 (Mon), 8:58:52AM,,In Reader,N/A,No Punch,,00:00,00:00,00:00,00:00,Error
11/17/2015 (Tue),10:55:50AM,,In Reader, 8:02:15PM,,Out Reader,00:00,00:00,00:00,09:00,44:00:00
11/18/2015 (Wed),10:58:25AM,,In Reader,N/A,No Punch,,00:00,00:00,00:00,00:00,Error
11/20/2015 (Fri), 7:55:36AM,,In Reader,N/A,No Punch,,00:00,00:00,00:00,00:00,Error
11/24/2015 (Tue), 7:49:20AM,,In Reader, 5:02:35PM,,Out Reader,00:00,00:00,00:00,09:00,53:00:00
,,,,,,,,,,,
Regular Time:,53:00:00,,,,,,,,,,
Overtime:,00:00,,,,,,,,,,
Grand Total:,Missing Punch,,,,,,,,,,
,,,,,,,,,,,
User Name: Generic Employee 9,Shift Name: Default,,,,,,,,,,
Event Date,In Time,In Status,In Door,Out Time,Out Status,Out Door,Lunch,Break,Supper,Daily,Running
10/24/2015 (Sat), 7:45:14AM,,In Reader, 5:04:19PM,,Out Reader,00:00,00:00,00:00,09:15,09:15
10/26/2015 (Mon),11:01:19AM,,In Reader, 8:01:58PM,,Out Reader,00:00,00:00,00:00,09:00,18:15
10/27/2015 (Tue),11:55:20AM,,In Reader, 9:15:09PM,,Out Reader,00:00,00:00,00:00,09:15,27:30:00
10/28/2015 (Wed), 8:55:30AM,,In Reader, 6:02:04PM,,Out Reader,00:00,00:00,00:00,09:00,36:30:00
10/29/2015 (Thu), 9:10:53AM,,In Reader, 6:06:49PM,,Out Reader,00:00,00:00,00:00,08:45,45:15:00
10/30/2015 (Fri), 8:59:05AM,,In Reader, 6:09:21PM,,Out Reader,00:00,00:00,00:00,09:00,54:15:00
11/9/2015 (Mon), 7:51:13AM,,In Reader, 5:15:53PM,,Out Reader,00:00,00:00,00:00,09:15,63:30:00
11/10/2015 (Tue), 8:04:30AM,,In Reader, 5:03:26PM,,Out Reader,00:00,00:00,00:00,08:45,72:15:00
11/11/2015 (Wed), 7:41:44AM,,In Reader, 5:06:23PM,,Out Reader,00:00,00:00,00:00,09:15,81:30:00
11/12/2015 (Thu),10:50:07AM,,In Reader, 8:20:54PM,,Out Reader,00:00,00:00,00:00,09:15,90:45:00
11/13/2015 (Fri),N/A,No Punch,, 8:09:36PM,,Out Reader,00:00,00:00,00:00,00:00,Error
11/17/2015 (Tue), 7:44:21AM,,In Reader, 5:11:30PM,,Out Reader,00:00,00:00,00:00,09:15,100:00:00
11/18/2015 (Wed),N/A,No Punch,, 5:05:50PM,,Out Reader,00:00,00:00,00:00,00:00,Error
11/19/2015 (Thu), 8:13:33AM,,In Reader, 5:18:16PM,,Out Reader,00:00,00:00,00:00,09:00,109:00:00
11/21/2015 (Sat), 7:34:03AM,,In Reader, 5:01:55PM,,Out Reader,00:00,00:00,00:00,09:15,118:15:00
11/22/2015 (Sun), 7:38:16AM,,In Reader, 5:03:14PM,,Out Reader,00:00,00:00,00:00,09:15,127:30:00
11/23/2015 (Mon), 7:39:45AM,,In Reader, 5:06:05PM,,Out Reader,00:00,00:00,00:00,09:15,136:45:00
11/24/2015 (Tue), 7:39:13AM,,In Reader, 5:23:48PM,,Out Reader,00:00,00:00,00:00,09:30,146:15:00
,,,,,,,,,,,
Regular Time:,132:00:00,,,,,,,,,,
Overtime:,14:15,,,,,,,,,,
Grand Total:,Missing Punch,,,,,,,,,,
,,,,,,,,,,,
User Name: Generic Employee 10,Shift Name: Default,,,,,,,,,,
Event Date,In Time,In Status,In Door,Out Time,Out Status,Out Door,Lunch,Break,Supper,Daily,Running
10/26/2015 (Mon),11:36:11AM,,In Reader, 9:03:28PM,,Out Reader,00:00,00:00,00:00,09:15,09:15
10/27/2015 (Tue),11:35:56AM,,In Reader,N/A,No Punch,,00:00,00:00,00:00,00:00,Error
11/4/2015 (Wed),10:42:27AM,,In Reader,N/A,No Punch,,00:00,00:00,00:00,00:00,Error
11/5/2015 (Thu),10:38:32AM,,In Reader, 8:04:01PM,,Out Reader,00:00,00:00,00:00,09:15,18:30
11/6/2015 (Fri),10:44:07AM,,In Reader, 8:04:50PM,,Out Reader,00:00,00:00,00:00,09:15,27:45:00
11/8/2015 (Sun), 7:35:59AM,,In Reader, 5:06:59PM,,Out Reader,00:00,00:00,00:00,09:15,37:00:00
11/9/2015 (Mon),10:39:14AM,,In Reader,N/A,No Punch,,00:00,00:00,00:00,00:00,Error
11/9/2015 (Mon), 7:52:51AM,,In Reader, 5:05:09PM,,Out Reader,00:00,00:00,00:00,09:00,46:00:00
11/11/2015 (Wed),10:36:04AM,,In Reader, 8:05:37PM,,Out Reader,00:00,00:00,00:00,09:15,55:15:00
11/13/2015 (Fri),N/A,No Punch,, 5:02:26PM,,Out Reader,00:00,00:00,00:00,00:00,Error
11/15/2015 (Sun), 7:45:53AM,,In Reader, 5:03:43PM,,Out Reader,00:00,00:00,00:00,09:15,64:30:00
11/16/2015 (Mon),10:54:05AM,,In Reader,N/A,No Punch,,00:00,00:00,00:00,00:00,Error
11/16/2015 (Mon), 9:43:51AM,,In Reader,N/A,No Punch,,00:00,00:00,00:00,00:00,Error
11/18/2015 (Wed),10:53:15AM,,In Reader,N/A,No Punch,,00:00,00:00,00:00,00:00,Error
11/21/2015 (Sat), 5:04:22PM,,In Reader, 5:04:28PM,,Out Reader,00:00,00:00,00:00,00:00,64:30:00
11/22/2015 (Sun), 8:45:24AM,,In Reader, 6:03:29PM,,Out Reader,00:00,00:00,00:00,09:15,73:45:00
11/23/2015 (Mon), 9:01:57AM,,In Reader, 6:05:41PM,,Out Reader,00:00,00:00,00:00,09:00,82:45:00
11/24/2015 (Tue),10:41:19AM,,In Reader, 8:05:48PM,,Out Reader,00:00,00:00,00:00,09:15,92:00:00
11/25/2015 (Wed), 7:37:11AM,,In Reader,N/A,No Punch,,00:00,00:00,00:00,00:00,Error
,,,,,,,,,,,
Regular Time:,92:00:00,,,,,,,,,,
Overtime:,00:00,,,,,,,,,,
Grand Total:,Missing Punch,,,,,,,,,,
,,,,,,,,,,,
User Name: Generic Employee 11,Shift Name: Default,,,,,,,,,,
Event Date,In Time,In Status,In Door,Out Time,Out Status,Out Door,Lunch,Break,Supper,Daily,Running
10/24/2015 (Sat),10:50:28AM,,In Reader, 8:14:58PM,,Out Reader,00:00,00:00,00:00,09:00,09:00
10/25/2015 (Sun),11:57:52AM,,In Reader, 9:07:42PM,,Out Reader,00:00,00:00,00:00,09:00,18:00
10/26/2015 (Mon),11:53:11AM,,In Reader, 9:08:06PM,,Out Reader,00:00,00:00,00:00,09:00,27:00:00
10/28/2015 (Wed),N/A,No Punch,,11:51:55AM,,Out Reader,00:00,00:00,00:00,00:00,Error
10/28/2015 (Wed),11:52:03AM,,In Reader, 9:06:11PM,,Out Reader,00:00,00:00,00:00,09:00,36:00:00
10/29/2015 (Thu),11:48:04AM,,In Reader, 9:06:38PM,,Out Reader,00:00,00:00,00:00,09:15,45:15:00
10/31/2015 (Sat), 8:33:53AM,,In Reader, 6:00:37PM,,Out Reader,00:00,00:00,00:00,09:30,54:45:00
11/1/2015 (Sun), 8:41:55AM,,In Reader,N/A,No Punch,,00:00,00:00,00:00,00:00,Error
11/2/2015 (Mon), 8:44:02AM,,In Reader, 5:03:19PM,,Out Reader,00:00,00:00,00:00,08:15,63:00:00
11/4/2015 (Wed),10:44:53AM,,In Reader, 8:05:47PM,,Out Reader,00:00,00:00,00:00,09:15,72:15:00
11/5/2015 (Thu), 7:44:09AM,,In Reader, 5:03:48PM,,Out Reader,00:00,00:00,00:00,09:15,81:30:00
11/7/2015 (Sat),10:56:13AM,,In Reader, 8:04:15PM,,Out Reader,00:00,00:00,00:00,09:00,90:30:00
11/8/2015 (Sun),10:57:47AM,,In Reader, 8:07:20PM,,Out Reader,00:00,00:00,00:00,09:00,99:30:00
11/9/2015 (Mon),10:51:44AM,,In Reader, 8:05:28PM,,Out Reader,00:00,00:00,00:00,09:00,108:30:00
11/10/2015 (Tue),11:03:00AM,,In Reader, 8:05:36PM,,Out Reader,00:00,00:00,00:00,09:00,117:30:00
11/11/2015 (Wed),11:14:57AM,,In Reader, 8:05:59PM,,Out Reader,00:00,00:00,00:00,08:45,126:15:00
11/14/2015 (Sat),10:51:04AM,,In Reader, 8:08:33PM,,Out Reader,00:00,00:00,00:00,09:00,135:15:00
11/15/2015 (Sun),10:53:06AM,,In Reader, 8:09:07PM,,Out Reader,00:00,00:00,00:00,09:00,144:15:00
11/20/2015 (Fri),10:59:14AM,,In Reader, 8:04:04PM,,Out Reader,00:00,00:00,00:00,09:00,153:15:00
11/21/2015 (Sat),10:55:49AM,,In Reader, 8:06:32PM,,Out Reader,00:00,00:00,00:00,09:00,162:15:00
11/22/2015 (Sun),10:59:52AM,,In Reader, 8:04:53PM,,Out Reader,00:00,00:00,00:00,09:00,171:15:00
11/23/2015 (Mon),10:46:06AM,,In Reader, 8:11:58PM,,Out Reader,00:00,00:00,00:00,09:15,180:30:00
11/24/2015 (Tue),10:43:35AM,,In Reader, 8:07:27PM,,Out Reader,00:00,00:00,00:00,09:15,189:45:00
,,,,,,,,,,,
Regular Time:,179:45:00,,,,,,,,,,
Overtime:,10:00,,,,,,,,,,
Grand Total:,Missing Punch,,,,,,,,,,
,,,,,,,,,,,
User Name: Generic Employee 12,Shift Name: Default,,,,,,,,,,
Event Date,In Time,In Status,In Door,Out Time,Out Status,Out Door,Lunch,Break,Supper,Daily,Running
10/24/2015 (Sat), 7:55:34AM,,In Reader, 5:04:01PM,,Out Reader,00:00,00:00,00:00,09:00,09:00
10/25/2015 (Sun),N/A,No Punch,, 6:04:17PM,,Out Reader,00:00,00:00,00:00,00:00,Error
10/27/2015 (Tue), 8:56:55AM,,In Reader,N/A,No Punch,,00:00,00:00,00:00,00:00,Error
10/27/2015 (Tue), 6:01:55PM,,In Reader,N/A,No Punch,,00:00,00:00,00:00,00:00,Error
10/27/2015 (Tue),11:44:25AM,,In Reader, 9:01:48PM,,Out Reader,00:00,00:00,00:00,09:15,18:15
10/29/2015 (Thu),N/A,No Punch,, 9:01:57PM,,Out Reader,00:00,00:00,00:00,00:00,Error
10/30/2015 (Fri), 8:45:25AM,,In Reader, 6:01:49PM,,Out Reader,00:00,00:00,00:00,09:15,27:30:00
11/2/2015 (Mon), 8:33:58AM,,In Reader,N/A,No Punch,,00:00,00:00,00:00,00:00,Error
11/2/2015 (Mon), 5:01:30PM,,In Reader,N/A,No Punch,,00:00,00:00,00:00,00:00,Error
11/4/2015 (Wed),10:34:44AM,,In Reader,N/A,No Punch,,00:00,00:00,00:00,00:00,Error
11/4/2015 (Wed), 5:03:52PM,,In Reader,N/A,No Punch,,00:00,00:00,00:00,00:00,Error
11/4/2015 (Wed),10:50:26AM,,In Reader, 8:01:17PM,,Out Reader,00:00,00:00,00:00,09:00,36:30:00
11/9/2015 (Mon),10:20:10AM,,In Reader, 8:01:35PM,,Out Reader,00:00,00:00,00:00,09:30,46:00:00
11/10/2015 (Tue), 7:49:04AM,,In Reader, 5:03:29PM,,Out Reader,00:00,00:00,00:00,09:00,55:00:00
11/12/2015 (Thu), 7:55:59AM,,In Reader, 5:01:53PM,,Out Reader,00:00,00:00,00:00,09:00,64:00:00
11/13/2015 (Fri), 7:49:34AM,,In Reader, 5:01:55PM,,Out Reader,00:00,00:00,00:00,09:00,73:00:00
,,,,,,,,,,,
Regular Time:,73:00:00,,,,,,,,,,
Overtime:,00:00,,,,,,,,,,
Grand Total:,Missing Punch,,,,,,,,,,
,,,,,,,,,,,
User Name: Generic Employee 13,Shift Name: Default,,,,,,,,,,
Event Date,In Time,In Status,In Door,Out Time,Out Status,Out Door,Lunch,Break,Supper,Daily,Running
10/24/2015 (Sat), 9:47:12AM,,In Reader, 7:02:20PM,,Out Reader,00:00,00:00,00:00,09:15,09:15
10/25/2015 (Sun),11:09:39AM,,In Reader,N/A,No Punch,,00:00,00:00,00:00,00:00,Error
10/28/2015 (Wed), 8:45:30AM,,In Reader, 6:06:11PM,,Out Reader,00:00,00:00,00:00,09:15,18:30
10/29/2015 (Thu),N/A,No Punch,, 6:03:49PM,,Out Reader,00:00,00:00,00:00,00:00,Error
10/31/2015 (Sat), 8:47:50AM,,In Reader,N/A,No Punch,,00:00,00:00,00:00,00:00,Error
11/5/2015 (Thu), 7:58:34AM,,In Reader, 5:04:30PM,,Out Reader,00:00,00:00,00:00,09:00,27:30:00
11/6/2015 (Fri),10:55:46AM,,In Reader, 8:03:53PM,,Out Reader,00:00,00:00,00:00,09:00,36:30:00
11/8/2015 (Sun),10:54:46AM,,In Reader, 7:02:39PM,,Out Reader,00:00,00:00,00:00,08:00,44:30:00
11/9/2015 (Mon), 8:58:15AM,,In Reader,N/A,No Punch,,00:00,00:00,00:00,00:00,Error
,,,,,,,,,,,
Regular Time:,44:30:00,,,,,,,,,,
Overtime:,00:00,,,,,,,,,,
Grand Total:,Missing Punch,,,,,,,,,,
,,,,,,,,,,,
User Name: Generic Employee 14,Shift Name: Default,,,,,,,,,,
Event Date,In Time,In Status,In Door,Out Time,Out Status,Out Door,Lunch,Break,Supper,Daily,Running
10/24/2015 (Sat),10:38:58AM,,In Reader, 8:01:54PM,,Out Reader,00:00,00:00,00:00,09:15,09:15
10/25/2015 (Sun),11:28:06AM,,In Reader, 9:03:23PM,,Out Reader,00:00,00:00,00:00,09:30,18:45
10/26/2015 (Mon),11:33:57AM,,In Reader, 9:03:46PM,,Out Reader,00:00,00:00,00:00,09:30,28:15:00
10/29/2015 (Thu), 8:38:20AM,,In Reader, 6:02:12PM,,Out Reader,00:00,00:00,00:00,09:15,37:30:00
10/30/2015 (Fri),11:26:35AM,,In Reader, 9:01:56PM,,Out Reader,00:00,00:00,00:00,09:30,47:00:00
10/31/2015 (Sat),10:29:12AM,,In Reader, 8:02:55PM,,Out Reader,00:00,00:00,00:00,09:30,56:30:00
11/1/2015 (Sun),11:50:35AM,,In Reader, 9:02:40PM,,Out Reader,00:00,00:00,00:00,09:00,65:30:00
11/2/2015 (Mon), 8:33:33AM,,In Reader, 5:01:13PM,,Out Reader,00:00,00:00,00:00,08:30,74:00:00
11/4/2015 (Wed), 7:38:51AM,,In Reader, 5:01:01PM,,Out Reader,00:00,00:00,00:00,09:15,83:15:00
11/8/2015 (Sun),10:27:38AM,,In Reader, 8:04:39PM,,Out Reader,00:00,00:00,00:00,09:30,92:45:00
11/9/2015 (Mon), 7:49:38AM,,In Reader, 5:01:59PM,,Out Reader,00:00,00:00,00:00,09:00,101:45:00
11/10/2015 (Tue), 9:40:40AM,,In Reader, 7:04:49PM,,Out Reader,00:00,00:00,00:00,09:15,111:00:00
11/13/2015 (Fri),10:32:36AM,,In Reader, 8:03:15PM,,Out Reader,00:00,00:00,00:00,09:30,120:30:00
11/14/2015 (Sat), 7:38:09AM,,In Reader, 5:03:38PM,,Out Reader,00:00,00:00,00:00,09:15,129:45:00
11/15/2015 (Sun),10:37:27AM,,In Reader, 8:07:55PM,,Out Reader,00:00,00:00,00:00,09:15,139:00:00
11/16/2015 (Mon), 7:38:45AM,,In Reader, 5:07:57PM,,Out Reader,00:00,00:00,00:00,09:15,148:15:00
11/17/2015 (Tue),10:47:20AM,,In Reader, 8:02:18PM,,Out Reader,00:00,00:00,00:00,09:15,157:30:00
11/18/2015 (Wed), 8:38:08AM,,In Reader, 6:02:34PM,,Out Reader,00:00,00:00,00:00,09:15,166:45:00
11/19/2015 (Thu), 7:38:21AM,,In Reader, 5:03:00PM,,Out Reader,00:00,00:00,00:00,09:15,176:00:00
11/22/2015 (Sun), 8:45:53AM,,In Reader, 6:03:32PM,,Out Reader,00:00,00:00,00:00,09:15,185:15:00
11/24/2015 (Tue),10:44:57AM,,In Reader, 8:04:26PM,,Out Reader,00:00,00:00,00:00,09:15,194:30:00
11/25/2015 (Wed), 7:35:42AM,,In Reader,N/A,No Punch,,00:00,00:00,00:00,00:00,Error
,,,,,,,,,,,
Regular Time:,172:00:00,,,,,,,,,,
Overtime:,22:30,,,,,,,,,,
Grand Total:,Missing Punch,,,,,,,,,,
,,,,,,,,,,,
User Name: Generic Employee 15,Shift Name: Default,,,,,,,,,,
Event Date,In Time,In Status,In Door,Out Time,Out Status,Out Door,Lunch,Break,Supper,Daily,Running
10/26/2015 (Mon),12:57:32PM,,In Reader, 9:03:42PM,,Out Reader,00:00,00:00,00:00,08:00,08:00
10/27/2015 (Tue),10:53:05AM,,In Reader,N/A,No Punch,,00:00,00:00,00:00,00:00,Error
11/6/2015 (Fri),N/A,No Punch,, 8:01:46PM,,Out Reader,00:00,00:00,00:00,00:00,Error
11/9/2015 (Mon),10:46:46AM,,In Reader,N/A,No Punch,,00:00,00:00,00:00,00:00,Error
11/10/2015 (Tue),N/A,No Punch,, 5:05:13PM,,Out Reader,00:00,00:00,00:00,00:00,Error
11/14/2015 (Sat),N/A,No Punch,, 8:04:33PM,,Out Reader,00:00,00:00,00:00,00:00,Error
11/15/2015 (Sun),N/A,No Punch,, 6:03:00PM,,Out Reader,00:00,00:00,00:00,00:00,Error
11/17/2015 (Tue), 7:43:17AM,,In Reader,N/A,No Punch,,00:00,00:00,00:00,00:00,Error
11/20/2015 (Fri),N/A,No Punch,, 8:02:51PM,,Out Reader,00:00,00:00,00:00,00:00,Error
11/22/2015 (Sun),N/A,No Punch,, 8:02:02PM,,Out Reader,00:00,00:00,00:00,00:00,Error
,,,,,,,,,,,
Regular Time:,08:00,,,,,,,,,,
Overtime:,00:00,,,,,,,,,,
Grand Total:,Missing Punch,,,,,,,,,,
,,,,,,,,,,,
User Name: Generic Employee 16,Shift Name: Default,,,,,,,,,,
Event Date,In Time,In Status,In Door,Out Time,Out Status,Out Door,Lunch,Break,Supper,Daily,Running
10/26/2015 (Mon),11:54:31AM,,In Reader, 9:03:36PM,,Out Reader,00:00,00:00,00:00,09:00,09:00
10/27/2015 (Tue),N/A,No Punch,, 9:05:50PM,,Out Reader,00:00,00:00,00:00,00:00,Error
10/29/2015 (Thu), 8:58:42AM,,In Reader,N/A,No Punch,,00:00,00:00,00:00,00:00,Error
10/31/2015 (Sat),11:42:48AM,,In Reader, 9:02:20PM,,Out Reader,00:00,00:00,00:00,09:15,18:15
11/1/2015 (Sun),11:28:58AM,,In Reader, 9:03:43PM,,Out Reader,00:00,00:00,00:00,09:30,27:45:00
11/2/2015 (Mon), 9:52:39AM,,In Reader, 6:02:02PM,,Out Reader,00:00,00:00,00:00,08:00,35:45:00
11/3/2015 (Tue), 8:56:51AM,,In Reader,N/A,No Punch,,00:00,00:00,00:00,00:00,Error
11/12/2015 (Thu),10:46:21AM,,In Reader, 8:01:54PM,,Out Reader,00:00,00:00,00:00,09:15,45:00:00
11/13/2015 (Fri), 7:55:08AM,,In Reader, 5:02:01PM,,Out Reader,00:00,00:00,00:00,09:00,54:00:00
11/14/2015 (Sat), 8:50:03AM,,In Reader,N/A,No Punch,,00:00,00:00,00:00,00:00,Error
11/16/2015 (Mon),10:53:16AM,,In Reader, 8:02:06PM,,Out Reader,00:00,00:00,00:00,09:00,63:00:00
11/17/2015 (Tue),10:53:23AM,,In Reader,N/A,No Punch,,00:00,00:00,00:00,00:00,Error
11/17/2015 (Tue), 8:32:13AM,,In Reader, 5:01:56PM,,Out Reader,00:00,00:00,00:00,08:30,71:30:00
11/19/2015 (Thu),10:47:47AM,,In Reader, 8:02:18PM,,Out Reader,00:00,00:00,00:00,09:15,80:45:00
11/20/2015 (Fri),10:54:58AM,,In Reader, 8:03:22PM,,Out Reader,00:00,00:00,00:00,09:00,89:45:00
11/23/2015 (Mon), 7:46:20AM,,In Reader, 5:03:29PM,,Out Reader,00:00,00:00,00:00,09:15,99:00:00
,,,,,,,,,,,
Regular Time:,99:00:00,,,,,,,,,,
Overtime:,00:00,,,,,,,,,,
Grand Total:,Missing Punch,,,,,,,,,,
,,,,,,,,,,,
User Name: Generic Employee 17,Shift Name: Default,,,,,,,,,,
Event Date,In Time,In Status,In Door,Out Time,Out Status,Out Door,Lunch,Break,Supper,Daily,Running
10/26/2015 (Mon),N/A,No Punch,, 6:02:47PM,,Out Reader,00:00,00:00,00:00,00:00,Error
10/27/2015 (Tue), 8:55:40AM,,In Reader, 6:05:51PM,,Out Reader,00:00,00:00,00:00,09:00,09:00
10/28/2015 (Wed), 8:52:53AM,,In Reader, 6:06:02PM,,Out Reader,00:00,00:00,00:00,09:00,18:00
10/29/2015 (Thu),N/A,No Punch,, 6:07:20PM,,Out Reader,00:00,00:00,00:00,00:00,Error
10/30/2015 (Fri), 8:54:03AM,,In Reader, 6:09:24PM,,Out Reader,00:00,00:00,00:00,09:00,27:00:00
11/2/2015 (Mon), 8:48:31AM,,In Reader, 5:03:22PM,,Out Reader,00:00,00:00,00:00,08:15,35:15:00
11/3/2015 (Tue), 7:49:39AM,,In Reader, 5:02:14PM,,Out Reader,00:00,00:00,00:00,09:00,44:15:00
11/4/2015 (Wed), 7:47:20AM,,In Reader, 5:03:34PM,,Out Reader,00:00,00:00,00:00,09:15,53:30:00
11/5/2015 (Thu), 7:58:40AM,,In Reader, 5:03:45PM,,Out Reader,00:00,00:00,00:00,09:00,62:30:00
11/6/2015 (Fri), 8:00:36AM,,In Reader, 5:05:07PM,,Out Reader,00:00,00:00,00:00,09:00,71:30:00
11/9/2015 (Mon), 8:00:53AM,,In Reader, 5:05:43PM,,Out Reader,00:00,00:00,00:00,09:00,80:30:00
11/10/2015 (Tue),N/A,No Punch,, 5:03:44PM,,Out Reader,00:00,00:00,00:00,00:00,Error
11/11/2015 (Wed), 7:53:12AM,,In Reader, 5:11:45PM,,Out Reader,00:00,00:00,00:00,09:00,89:30:00
11/12/2015 (Thu), 7:55:18AM,,In Reader, 5:04:24PM,,Out Reader,00:00,00:00,00:00,09:00,98:30:00
11/13/2015 (Fri), 7:57:24AM,,In Reader, 5:00:28PM,,Out Reader,00:00,00:00,00:00,09:00,107:30:00
11/16/2015 (Mon), 8:02:48AM,,In Reader, 2:11:02PM,,Out Reader,00:00,00:00,00:00,06:00,113:30:00
11/17/2015 (Tue), 7:52:45AM,,In Reader, 5:04:01PM,,Out Reader,00:00,00:00,00:00,09:00,122:30:00
11/18/2015 (Wed), 8:14:07AM,,In Reader, 5:21:26PM,,Out Reader,00:00,00:00,00:00,09:00,131:30:00
11/19/2015 (Thu), 7:45:44AM,,In Reader, 5:04:00PM,,Out Reader,00:00,00:00,00:00,09:15,140:45:00
11/20/2015 (Fri), 7:46:14AM,,In Reader, 5:09:25PM,,Out Reader,00:00,00:00,00:00,09:15,150:00:00
11/23/2015 (Mon), 7:56:45AM,,In Reader, 5:07:10PM,,Out Reader,00:00,00:00,00:00,09:00,159:00:00
11/24/2015 (Tue), 7:56:48AM,,In Reader, 5:04:07PM,,Out Reader,00:00,00:00,00:00,09:00,168:00:00
11/25/2015 (Wed), 7:59:51AM,,In Reader,N/A,No Punch,,00:00,00:00,00:00,00:00,Error
,,,,,,,,,,,
Regular Time:,161:00:00,,,,,,,,,,
Overtime:,07:00,,,,,,,,,,
Grand Total:,Missing Punch,,,,,,,,,,
,,,,,,,,,,,
User Name: Generic Employee 18,Shift Name: Default,,,,,,,,,,
Event Date,In Time,In Status,In Door,Out Time,Out Status,Out Door,Lunch,Break,Supper,Daily,Running
11/5/2015 (Thu),10:45:38AM,,In Reader,N/A,No Punch,,00:00,00:00,00:00,00:00,Error
11/5/2015 (Thu), 7:45:22AM,,In Reader, 5:03:04PM,,Out Reader,00:00,00:00,00:00,09:15,09:15
11/7/2015 (Sat), 7:48:17AM,,In Reader, 5:04:46PM,,Out Reader,00:00,00:00,00:00,09:15,18:30
11/12/2015 (Thu), 7:43:19AM,,In Reader,N/A,No Punch,,00:00,00:00,00:00,00:00,Error
11/13/2015 (Fri), 7:42:27AM,,In Reader, 5:02:05PM,,Out Reader,00:00,00:00,00:00,09:15,27:45:00
11/14/2015 (Sat), 7:41:40AM,,In Reader, 5:04:09PM,,Out Reader,00:00,00:00,00:00,09:15,37:00:00
11/15/2015 (Sun),N/A,No Punch,, 6:07:55PM,,Out Reader,00:00,00:00,00:00,00:00,Error
11/17/2015 (Tue), 7:47:26AM,,In Reader, 5:03:46PM,,Out Reader,00:00,00:00,00:00,09:15,46:15:00
11/18/2015 (Wed),N/A,No Punch,, 5:08:34PM,,Out Reader,00:00,00:00,00:00,00:00,Error
11/19/2015 (Thu), 7:57:44AM,,In Reader, 5:04:04PM,,Out Reader,00:00,00:00,00:00,09:00,55:15:00
11/20/2015 (Fri), 7:46:49AM,,In Reader, 5:04:18PM,,Out Reader,00:00,00:00,00:00,09:15,64:30:00
11/23/2015 (Mon),10:45:53AM,,In Reader, 8:03:01PM,,Out Reader,00:00,00:00,00:00,09:15,73:45:00
11/24/2015 (Tue),10:36:00AM,,In Reader, 8:05:18PM,,Out Reader,00:00,00:00,00:00,09:15,83:00:00
,,,,,,,,,,,
Regular Time:,83:00:00,,,,,,,,,,
Overtime:,00:00,,,,,,,,,,
Grand Total:,Missing Punch,,,,,,,,,,
,,,,,,,,,,,
User Name: Generic Employee 19,Shift Name: Default,,,,,,,,,,
Event Date,In Time,In Status,In Door,Out Time,Out Status,Out Door,Lunch,Break,Supper,Daily,Running
10/26/2015 (Mon),11:57:21AM,,In Reader, 9:06:04PM,,Out Reader,00:00,00:00,00:00,09:00,09:00
10/27/2015 (Tue), 9:56:31AM,,In Reader, 7:04:02PM,,Out Reader,00:00,00:00,00:00,09:00,18:00
10/29/2015 (Thu), 9:50:55AM,,In Reader, 7:09:14PM,,Out Reader,00:00,00:00,00:00,09:00,27:00:00
10/30/2015 (Fri), 8:55:55AM,,In Reader,N/A,No Punch,,00:00,00:00,00:00,00:00,Error
11/2/2015 (Mon),10:49:20AM,,In Reader, 8:04:15PM,,Out Reader,00:00,00:00,00:00,09:00,36:00:00
11/3/2015 (Tue),10:53:29AM,,In Reader, 8:05:15PM,,Out Reader,00:00,00:00,00:00,09:00,45:00:00
11/4/2015 (Wed),10:59:49AM,,In Reader, 8:03:51PM,,Out Reader,00:00,00:00,00:00,09:00,54:00:00
11/5/2015 (Thu),10:53:13AM,,In Reader,N/A,No Punch,,00:00,00:00,00:00,00:00,Error
11/9/2015 (Mon), 7:55:54AM,,In Reader, 5:01:40PM,,Out Reader,00:00,00:00,00:00,09:00,63:00:00
11/10/2015 (Tue),10:49:50AM,,In Reader, 8:03:19PM,,Out Reader,00:00,00:00,00:00,09:00,72:00:00
11/11/2015 (Wed),10:59:21AM,,In Reader, 8:05:16PM,,Out Reader,00:00,00:00,00:00,09:00,81:00:00
11/12/2015 (Thu),10:41:39AM,,In Reader, 8:00:29PM,,Out Reader,00:00,00:00,00:00,09:15,90:15:00
11/15/2015 (Sun),10:42:17AM,,In Reader, 8:08:31PM,,Out Reader,00:00,00:00,00:00,09:15,99:30:00
11/16/2015 (Mon),N/A,No Punch,, 8:03:51PM,,Out Reader,00:00,00:00,00:00,00:00,Error
11/17/2015 (Tue),10:51:43AM,,In Reader,N/A,No Punch,,00:00,00:00,00:00,00:00,Error
11/18/2015 (Wed),10:53:12AM,,In Reader, 8:06:02PM,,Out Reader,00:00,00:00,00:00,09:00,108:30:00
11/19/2015 (Thu), 7:57:39AM,,In Reader, 5:06:52PM,,Out Reader,00:00,00:00,00:00,09:00,117:30:00
11/23/2015 (Mon),10:54:02AM,,In Reader, 8:05:08PM,,Out Reader,00:00,00:00,00:00,09:00,126:30:00
11/24/2015 (Tue),10:43:00AM,,In Reader, 8:05:30PM,,Out Reader,00:00,00:00,00:00,09:15,135:45:00
11/25/2015 (Wed), 9:52:41AM,,In Reader,N/A,No Punch,,00:00,00:00,00:00,00:00,Error
,,,,,,,,,,,
Regular Time:,135:45:00,,,,,,,,,,
Overtime:,00:00,,,,,,,,,,
Grand Total:,Missing Punch,,,,,,,,,,
,,,,,,,,,,,
User Name: Generic Employee 20,Shift Name: Default,,,,,,,,,,
Event Date,In Time,In Status,In Door,Out Time,Out Status,Out Door,Lunch,Break,Supper,Daily,Running
10/25/2015 (Sun),N/A,No Punch,, 6:05:20PM,,Out Reader,00:00,00:00,00:00,00:00,Error
10/25/2015 (Sun),N/A,No Punch,, 9:51:28AM,,Out Reader,00:00,00:00,00:00,00:00,Error
10/26/2015 (Mon), 8:53:58AM,,In Reader, 6:02:43PM,,Out Reader,00:00,00:00,00:00,09:00,09:00
10/27/2015 (Tue), 8:52:12AM,,In Reader, 6:05:42PM,,Out Reader,00:00,00:00,00:00,09:00,18:00
10/28/2015 (Wed),11:33:51AM,,In Reader, 9:05:31PM,,Out Reader,00:00,00:00,00:00,09:30,27:30:00
11/4/2015 (Wed),10:31:41AM,,In Reader, 8:05:16PM,,Out Reader,00:00,00:00,00:00,09:30,37:00:00
11/6/2015 (Fri),10:48:11AM,,In Reader, 8:04:54PM,,Out Reader,00:00,00:00,00:00,09:15,46:15:00
11/7/2015 (Sat),10:32:31AM,,In Reader, 8:03:20PM,,Out Reader,00:00,00:00,00:00,09:30,55:45:00
11/8/2015 (Sun), 9:46:01AM,,In Reader, 7:04:10PM,,Out Reader,00:00,00:00,00:00,09:15,65:00:00
11/10/2015 (Tue), 7:41:56AM,,In Reader, 5:03:40PM,,Out Reader,00:00,00:00,00:00,09:15,74:15:00
11/11/2015 (Wed), 7:41:22AM,,In Reader, 5:11:41PM,,Out Reader,00:00,00:00,00:00,09:15,83:30:00
11/12/2015 (Thu),10:44:31AM,,In Reader, 8:05:10PM,,Out Reader,00:00,00:00,00:00,09:15,92:45:00
11/14/2015 (Sat),10:45:32AM,,In Reader, 8:02:48PM,,Out Reader,00:00,00:00,00:00,09:15,102:00:00
11/15/2015 (Sun), 7:47:55AM,,In Reader, 5:04:52PM,,Out Reader,00:00,00:00,00:00,09:15,111:15:00
11/16/2015 (Mon), 7:38:56AM,,In Reader, 5:07:54PM,,Out Reader,00:00,00:00,00:00,09:15,120:30:00
11/17/2015 (Tue), 7:43:10AM,,In Reader,N/A,No Punch,,00:00,00:00,00:00,00:00,Error
11/21/2015 (Sat),10:55:40AM,,In Reader, 8:07:34PM,,Out Reader,00:00,00:00,00:00,09:00,129:30:00
11/22/2015 (Sun),12:35:17PM,,In Reader, 8:09:38PM,,Out Reader,00:00,00:00,00:00,07:15,136:45:00
11/23/2015 (Mon),10:46:02AM,,In Reader, 8:11:43PM,,Out Reader,00:00,00:00,00:00,09:15,146:00:00
11/24/2015 (Tue),10:43:10AM,,In Reader, 8:05:27PM,,Out Reader,00:00,00:00,00:00,09:15,155:15:00
,,,,,,,,,,,
Regular Time:,148:45:00,,,,,,,,,,
Overtime:,06:30,,,,,,,,,,
Grand Total:,Missing Punch,,,,,,,,,,
,,,,,,,,,,,
User Name: Generic Employee 21,Shift Name: Default,,,,,,,,,,
Event Date,In Time,In Status,In Door,Out Time,Out Status,Out Door,Lunch,Break,Supper,Daily,Running
10/24/2015 (Sat), 7:45:35AM,,In Reader, 5:05:09PM,,Out Reader,00:00,00:00,00:00,09:15,09:15
10/25/2015 (Sun), 8:41:28AM,,In Reader, 6:03:49PM,,Out Reader,00:00,00:00,00:00,09:15,18:30
10/26/2015 (Mon),11:45:24AM,,In Reader, 9:05:55PM,,Out Reader,00:00,00:00,00:00,09:15,27:45:00
10/29/2015 (Thu),11:35:00AM,,In Reader, 9:07:42PM,,Out Reader,00:00,00:00,00:00,09:15,37:00:00
10/30/2015 (Fri), 8:56:00AM,,In Reader, 6:13:50PM,,Out Reader,00:00,00:00,00:00,09:00,46:00:00
10/31/2015 (Sat), 8:43:42AM,,In Reader, 6:04:49PM,,Out Reader,00:00,00:00,00:00,09:15,55:15:00
11/2/2015 (Mon), 8:39:20AM,,In Reader, 5:02:20PM,,Out Reader,00:00,00:00,00:00,08:15,63:30:00
11/3/2015 (Tue), 7:42:25AM,,In Reader, 5:02:22PM,,Out Reader,00:00,00:00,00:00,09:15,72:45:00
11/4/2015 (Wed), 7:49:39AM,,In Reader, 5:01:56PM,,Out Reader,00:00,00:00,00:00,09:00,81:45:00
11/5/2015 (Thu), 7:53:02AM,,In Reader, 5:03:42PM,,Out Reader,00:00,00:00,00:00,09:00,90:45:00
11/6/2015 (Fri), 7:39:41AM,,In Reader, 5:05:01PM,,Out Reader,00:00,00:00,00:00,09:15,100:00:00
11/9/2015 (Mon),10:30:34AM,,In Reader, 8:05:23PM,,Out Reader,00:00,00:00,00:00,09:30,109:30:00
11/10/2015 (Tue),11:02:13AM,,In Reader, 8:04:37PM,,Out Reader,00:00,00:00,00:00,09:00,118:30:00
11/12/2015 (Thu), 7:46:43AM,,In Reader, 5:08:07PM,,Out Reader,00:00,00:00,00:00,09:15,127:45:00
11/13/2015 (Fri),10:39:39AM,,In Reader, 8:06:31PM,,Out Reader,00:00,00:00,00:00,09:15,137:00:00
11/15/2015 (Sun), 7:49:24AM,,In Reader, 5:04:40PM,,Out Reader,00:00,00:00,00:00,09:00,146:00:00
11/16/2015 (Mon),10:38:42AM,,In Reader, 8:10:09PM,,Out Reader,00:00,00:00,00:00,09:15,155:15:00
11/17/2015 (Tue),10:37:57AM,,In Reader, 8:08:54PM,,Out Reader,00:00,00:00,00:00,09:15,164:30:00
11/18/2015 (Wed),10:54:15AM,,In Reader, 8:10:09PM,,Out Reader,00:00,00:00,00:00,09:00,173:30:00
11/19/2015 (Thu), 7:48:00AM,,In Reader, 5:05:40PM,,Out Reader,00:00,00:00,00:00,09:15,182:45:00
11/22/2015 (Sun), 7:46:33AM,,In Reader, 5:18:56PM,,Out Reader,00:00,00:00,00:00,09:30,192:15:00
11/23/2015 (Mon), 7:43:53AM,,In Reader, 5:07:42PM,,Out Reader,00:00,00:00,00:00,09:15,201:30:00
11/24/2015 (Tue), 7:56:34AM,,In Reader, 5:04:11PM,,Out Reader,00:00,00:00,00:00,09:00,210:30:00
11/25/2015 (Wed), 7:41:37AM,,In Reader,N/A,No Punch,,00:00,00:00,00:00,00:00,Error
,,,,,,,,,,,
Regular Time:,184:45:00,,,,,,,,,,
Overtime:,25:45:00,,,,,,,,,,
Grand Total:,Missing Punch,,,,,,,,,,
,,,,,,,,,,,
User Name: Generic Employee 22,Shift Name: Default,,,,,,,,,,
Event Date,In Time,In Status,In Door,Out Time,Out Status,Out Door,Lunch,Break,Supper,Daily,Running
10/25/2015 (Sun), 8:41:23AM,,In Reader, 6:06:00PM,,Out Reader,00:00,00:00,00:00,09:15,09:15
10/28/2015 (Wed), 8:42:55AM,,In Reader, 6:10:58PM,,Out Reader,00:00,00:00,00:00,09:15,18:30
10/29/2015 (Thu), 8:30:52AM,,In Reader, 6:03:38PM,,Out Reader,00:00,00:00,00:00,09:30,28:00:00
10/30/2015 (Fri),11:20:56AM,,In Reader, 9:03:32PM,,Out Reader,00:00,00:00,00:00,09:30,37:30:00
10/31/2015 (Sat),11:49:11AM,,In Reader, 9:02:30PM,,Out Reader,00:00,00:00,00:00,09:00,46:30:00
11/2/2015 (Mon),10:29:54AM,,In Reader, 8:04:49PM,,Out Reader,00:00,00:00,00:00,09:30,56:00:00
11/3/2015 (Tue), 7:43:07AM,,In Reader, 5:02:44PM,,Out Reader,00:00,00:00,00:00,09:15,65:15:00
11/6/2015 (Fri), 9:15:17AM,,In Reader, 7:02:52PM,,Out Reader,00:00,00:00,00:00,09:45,75:00:00
11/7/2015 (Sat), 7:48:07AM,,In Reader, 5:02:44PM,,Out Reader,00:00,00:00,00:00,09:15,84:15:00
11/8/2015 (Sun),10:31:54AM,,In Reader, 8:03:42PM,,Out Reader,00:00,00:00,00:00,09:30,93:45:00
,,,,,,,,,,,
Regular Time:,93:45:00,,,,,,,,,,
Overtime:,00:00,,,,,,,,,,
Grand Total:,93:45:00,,,,,,,,,,
,,,,,,,,,,,
User Name: Generic Employee 23,Shift Name: Default,,,,,,,,,,
Event Date,In Time,In Status,In Door,Out Time,Out Status,Out Door,Lunch,Break,Supper,Daily,Running
10/30/2015 (Fri), 8:51:17AM,,In Reader,N/A,No Punch,,00:00,00:00,00:00,00:00,Error
10/31/2015 (Sat),11:38:57AM,,In Reader, 9:01:52PM,,Out Reader,00:00,00:00,00:00,09:15,09:15
11/1/2015 (Sun),11:53:08AM,,In Reader,N/A,No Punch,,00:00,00:00,00:00,00:00,Error
11/1/2015 (Sun), 8:35:18AM,,In Reader,N/A,No Punch,,00:00,00:00,00:00,00:00,Error
11/3/2015 (Tue), 9:59:47AM,,In Reader, 7:04:19PM,,Out Reader,00:00,00:00,00:00,09:00,18:15
11/5/2015 (Thu), 7:36:41AM,,In Reader, 6:05:50PM,,Out Reader,00:00,00:00,00:00,10:15,28:30:00
11/7/2015 (Sat), 7:48:12AM,,In Reader, 5:04:42PM,,Out Reader,00:00,00:00,00:00,09:15,37:45:00
11/8/2015 (Sun),10:04:52AM,,In Reader,N/A,No Punch,,00:00,00:00,00:00,00:00,Error
11/19/2015 (Thu), 7:42:31AM,,In Reader, 5:06:55PM,,Out Reader,00:00,00:00,00:00,09:15,47:00:00
11/21/2015 (Sat), 7:43:49AM,,In Reader, 5:04:31PM,,Out Reader,00:00,00:00,00:00,09:15,56:15:00
11/23/2015 (Mon), 9:21:49AM,,In Reader, 6:05:49PM,,Out Reader,00:00,00:00,00:00,08:30,64:45:00
,,,,,,,,,,,
Regular Time:,64:45:00,,,,,,,,,,
Overtime:,00:00,,,,,,,,,,
Grand Total:,Missing Punch,,,,,,,,,,
,,,,,,,,,,,
User Name: Generic Employee 24,Shift Name: Default,,,,,,,,,,
Event Date,In Time,In Status,In Door,Out Time,Out Status,Out Door,Lunch,Break,Supper,Daily,Running
10/24/2015 (Sat), 7:45:00AM,,In Reader, 5:19:59PM,,Out Reader,00:00,00:00,00:00,09:30,09:30
10/26/2015 (Mon), 8:46:51AM,,In Reader, 6:03:27PM,,Out Reader,00:00,00:00,00:00,09:15,18:45
10/27/2015 (Tue),11:52:33AM,,In Reader, 9:07:29PM,,Out Reader,00:00,00:00,00:00,09:00,27:45:00
10/28/2015 (Wed),N/A,No Punch,, 6:04:26PM,,Out Reader,00:00,00:00,00:00,00:00,Error
10/29/2015 (Thu), 8:48:14AM,,In Reader, 6:04:08PM,,Out Reader,00:00,00:00,00:00,09:15,37:00:00
10/30/2015 (Fri),11:34:39AM,,In Reader, 9:02:34PM,,Out Reader,00:00,00:00,00:00,09:15,46:15:00
11/2/2015 (Mon),10:49:54AM,,In Reader, 8:03:14PM,,Out Reader,00:00,00:00,00:00,09:00,55:15:00
11/3/2015 (Tue),10:31:02AM,,In Reader, 8:05:09PM,,Out Reader,00:00,00:00,00:00,09:30,64:45:00
11/4/2015 (Wed),10:44:21AM,,In Reader, 8:05:12PM,,Out Reader,00:00,00:00,00:00,09:15,74:00:00
11/8/2015 (Sun), 7:47:07AM,,In Reader, 5:04:49PM,,Out Reader,00:00,00:00,00:00,09:15,83:15:00
11/9/2015 (Mon), 7:53:23AM,,In Reader, 5:02:53PM,,Out Reader,00:00,00:00,00:00,09:00,92:15:00
11/11/2015 (Wed), 7:52:15AM,,In Reader,N/A,No Punch,,00:00,00:00,00:00,00:00,Error
11/12/2015 (Thu), 7:46:38AM,,In Reader, 5:03:38PM,,Out Reader,00:00,00:00,00:00,09:15,101:30:00
11/13/2015 (Fri), 7:44:09AM,,In Reader, 5:05:36PM,,Out Reader,00:00,00:00,00:00,09:15,110:45:00
11/14/2015 (Sat),10:39:45AM,,In Reader, 8:04:56PM,,Out Reader,00:00,00:00,00:00,09:15,120:00:00
11/16/2015 (Mon),10:46:36AM,,In Reader, 8:03:47PM,,Out Reader,00:00,00:00,00:00,09:15,129:15:00
11/17/2015 (Tue), 7:46:42AM,,In Reader, 5:03:40PM,,Out Reader,00:00,00:00,00:00,09:15,138:30:00
11/20/2015 (Fri),10:42:08AM,,In Reader, 8:03:14PM,,Out Reader,00:00,00:00,00:00,09:15,147:45:00
11/21/2015 (Sat), 8:46:31AM,,In Reader, 6:05:07PM,,Out Reader,00:00,00:00,00:00,09:15,157:00:00
11/23/2015 (Mon),N/A,No Punch,, 8:05:03PM,,Out Reader,00:00,00:00,00:00,00:00,Error
11/24/2015 (Tue),10:43:05AM,,In Reader, 8:05:11PM,,Out Reader,00:00,00:00,00:00,09:15,166:15:00
,,,,,,,,,,,
Regular Time:,160:00:00,,,,,,,,,,
Overtime:,06:15,,,,,,,,,,
Grand Total:,Missing Punch,,,,,,,,,,
,,,,,,,,,,,
User Name: Generic Employee 25,Shift Name: Default,,,,,,,,,,
Event Date,In Time,In Status,In Door,Out Time,Out Status,Out Door,Lunch,Break,Supper,Daily,Running
10/24/2015 (Sat), 7:43:35AM,,In Reader, 5:03:26PM,,Out Reader,00:00,00:00,00:00,09:15,09:15
10/25/2015 (Sun),10:51:57AM,,In Reader, 8:12:19PM,,Out Reader,00:00,00:00,00:00,09:00,18:15
10/27/2015 (Tue),N/A,No Punch,, 6:06:21PM,,Out Reader,00:00,00:00,00:00,00:00,Error
10/28/2015 (Wed), 8:53:47AM,,In Reader, 6:11:02PM,,Out Reader,00:00,00:00,00:00,09:00,27:15:00
10/30/2015 (Fri),10:53:49AM,,In Reader, 8:05:41PM,,Out Reader,00:00,00:00,00:00,09:00,36:15:00
10/31/2015 (Sat),11:58:55AM,,In Reader, 9:07:37PM,,Out Reader,00:00,00:00,00:00,09:00,45:15:00
11/1/2015 (Sun),11:45:56AM,,In Reader, 9:08:17PM,,Out Reader,00:00,00:00,00:00,09:15,54:30:00
11/2/2015 (Mon),10:50:58AM,,In Reader,N/A,No Punch,,00:00,00:00,00:00,00:00,Error
11/10/2015 (Tue),11:01:04AM,,In Reader, 8:03:33PM,,Out Reader,00:00,00:00,00:00,09:00,63:30:00
11/11/2015 (Wed),10:53:29AM,,In Reader, 8:05:28PM,,Out Reader,00:00,00:00,00:00,09:00,72:30:00
11/12/2015 (Thu),10:57:08AM,,In Reader, 8:06:08PM,,Out Reader,00:00,00:00,00:00,09:00,81:30:00
11/13/2015 (Fri),10:53:18AM,,In Reader, 8:03:25PM,,Out Reader,00:00,00:00,00:00,09:00,90:30:00
11/14/2015 (Sat), 7:59:04AM,,In Reader, 5:03:24PM,,Out Reader,00:00,00:00,00:00,09:00,99:30:00
11/16/2015 (Mon), 8:00:47AM,,In Reader, 5:05:27PM,,Out Reader,00:00,00:00,00:00,09:00,108:30:00
11/18/2015 (Wed),N/A,No Punch,, 8:06:23PM,,Out Reader,00:00,00:00,00:00,00:00,Error
11/19/2015 (Thu), 9:54:46AM,,In Reader, 7:05:36PM,,Out Reader,00:00,00:00,00:00,09:00,117:30:00
11/20/2015 (Fri), 9:58:42AM,,In Reader, 7:06:32PM,,Out Reader,00:00,00:00,00:00,09:00,126:30:00
11/21/2015 (Sat), 7:58:07AM,,In Reader, 5:04:49PM,,Out Reader,00:00,00:00,00:00,09:00,135:30:00
,,,,,,,,,,,
Regular Time:,135:30:00,,,,,,,,,,
Overtime:,00:00,,,,,,,,,,
Grand Total:,Missing Punch,,,,,,,,,,
,,,,,,,,,,,
User Name: Generic Employee 26,Shift Name: Default,,,,,,,,,,
Event Date,In Time,In Status,In Door,Out Time,Out Status,Out Door,Lunch,Break,Supper,Daily,Running
10/25/2015 (Sun),10:52:30AM,,In Reader, 8:00:59PM,,Out Reader,00:00,00:00,00:00,09:00,09:00
10/26/2015 (Mon),N/A,No Punch,, 6:02:40PM,,Out Reader,00:00,00:00,00:00,00:00,Error
10/28/2015 (Wed),11:00:28AM,,In Reader, 8:01:59PM,,Out Reader,00:00,00:00,00:00,09:00,18:00
10/29/2015 (Thu),11:52:53AM,,In Reader, 9:01:24PM,,Out Reader,00:00,00:00,00:00,09:00,27:00:00
10/30/2015 (Fri), 8:54:12AM,,In Reader, 6:02:44PM,,Out Reader,00:00,00:00,00:00,09:00,36:00:00
11/1/2015 (Sun), 8:55:47AM,,In Reader,N/A,No Punch,,00:00,00:00,00:00,00:00,Error
11/1/2015 (Sun), 6:04:35PM,,In Reader,N/A,No Punch,,00:00,00:00,00:00,00:00,Error
11/1/2015 (Sun), 8:58:48AM,,In Reader, 5:04:25PM,,Out Reader,00:00,00:00,00:00,08:00,44:00:00
11/3/2015 (Tue), 8:57:48AM,,In Reader, 6:02:42PM,,Out Reader,00:00,00:00,00:00,09:00,53:00:00
11/4/2015 (Wed),10:59:17AM,,In Reader, 8:01:02PM,,Out Reader,00:00,00:00,00:00,09:00,62:00:00
11/5/2015 (Thu),11:00:49AM,,In Reader,N/A,No Punch,,00:00,00:00,00:00,00:00,Error
11/8/2015 (Sun), 7:54:13AM,,In Reader, 5:06:26PM,,Out Reader,00:00,00:00,00:00,09:00,71:00:00
11/9/2015 (Mon), 7:57:10AM,,In Reader, 5:00:45PM,,Out Reader,00:00,00:00,00:00,09:00,80:00:00
11/11/2015 (Wed), 8:56:23AM,,In Reader, 6:10:26PM,,Out Reader,00:00,00:00,00:00,09:00,89:00:00
11/12/2015 (Thu), 9:57:32AM,,In Reader, 7:07:04PM,,Out Reader,00:00,00:00,00:00,09:00,98:00:00
11/13/2015 (Fri),10:42:01AM,,In Reader,N/A,No Punch,,00:00,00:00,00:00,00:00,Error
11/13/2015 (Fri), 8:03:13PM,,In Reader,N/A,No Punch,,00:00,00:00,00:00,00:00,Error
11/13/2015 (Fri), 8:00:58AM,,In Reader, 5:07:34PM,,Out Reader,00:00,00:00,00:00,09:00,107:00:00
11/16/2015 (Mon),10:57:35AM,,In Reader,N/A,No Punch,,00:00,00:00,00:00,00:00,Error
11/17/2015 (Tue),N/A,No Punch,, 8:03:51PM,,Out Reader,00:00,00:00,00:00,00:00,Error
11/18/2015 (Wed),11:00:03AM,,In Reader, 8:09:32PM,,Out Reader,00:00,00:00,00:00,09:00,116:00:00
11/19/2015 (Thu), 8:10:51AM,,In Reader, 5:08:49PM,,Out Reader,00:00,00:00,00:00,08:45,124:45:00
11/20/2015 (Fri), 7:53:12AM,,In Reader, 5:07:44PM,,Out Reader,00:00,00:00,00:00,09:00,133:45:00
11/23/2015 (Mon), 9:49:40AM,,In Reader, 7:03:19PM,,Out Reader,00:00,00:00,00:00,09:00,142:45:00
11/24/2015 (Tue), 9:55:00AM,,In Reader, 7:09:03PM,,Out Reader,00:00,00:00,00:00,09:00,151:45:00
,,,,,,,,,,,
Regular Time:,146:45:00,,,,,,,,,,
Overtime:,05:00,,,,,,,,,,
Grand Total:,Missing Punch,,,,,,,,,,
,,,,,,,,,,,
User Name: Generic Employee 27,Shift Name: Default,,,,,,,,,,
Event Date,In Time,In Status,In Door,Out Time,Out Status,Out Door,Lunch,Break,Supper,Daily,Running
10/26/2015 (Mon), 9:58:53AM,,In Reader, 7:05:36PM,,Out Reader,00:00,00:00,00:00,09:00,09:00
10/27/2015 (Tue),10:00:55AM,,In Reader, 6:59:06PM,,Out Reader,00:00,00:00,00:00,08:45,17:45
10/28/2015 (Wed),10:01:11AM,,In Reader, 9:57:34AM,Out of range,Out Reader,00:00,00:00,00:00,00:00,17:45
10/29/2015 (Thu), 9:57:38AM,,In Reader, 4:08:09PM,,Out Reader,00:00,00:00,00:00,06:00,23:45
11/3/2015 (Tue), 7:53:39AM,,In Reader, 5:11:33PM,,Out Reader,00:00,00:00,00:00,09:00,32:45:00
11/4/2015 (Wed), 7:59:20AM,,In Reader, 5:09:37PM,,Out Reader,00:00,00:00,00:00,09:00,41:45:00
11/5/2015 (Thu),11:10:36AM,,In Reader, 8:14:48PM,,Out Reader,00:00,00:00,00:00,08:45,50:30:00
11/6/2015 (Fri), 7:56:27AM,,In Reader, 5:05:37PM,,Out Reader,00:00,00:00,00:00,09:00,59:30:00
11/7/2015 (Sat), 9:07:04AM,,In Reader, 6:10:52PM,,Out Reader,00:00,00:00,00:00,08:45,68:15:00
11/9/2015 (Mon), 9:01:41AM,,In Reader, 6:49:48PM,,Out Reader,00:00,00:00,00:00,09:45,78:00:00
11/10/2015 (Tue), 8:59:34AM,,In Reader, 6:14:47PM,,Out Reader,00:00,00:00,00:00,09:00,87:00:00
11/12/2015 (Thu), 8:59:28AM,,In Reader, 6:04:08PM,,Out Reader,00:00,00:00,00:00,09:00,96:00:00
11/13/2015 (Fri), 9:04:44AM,,In Reader, 6:14:36PM,,Out Reader,00:00,00:00,00:00,08:45,104:45:00
11/16/2015 (Mon), 9:14:45AM,,In Reader, 6:08:20PM,,Out Reader,00:00,00:00,00:00,08:45,113:30:00
11/17/2015 (Tue), 9:08:06AM,,In Reader, 9:04:39AM,Out of range,Out Reader,00:00,00:00,00:00,00:00,113:30:00
11/18/2015 (Wed), 9:04:41AM,,In Reader, 6:10:27PM,,Out Reader,00:00,00:00,00:00,08:45,122:15:00
11/19/2015 (Thu), 8:54:41AM,,In Reader, 6:39:04PM,,Out Reader,00:00,00:00,00:00,09:30,131:45:00
11/23/2015 (Mon), 9:12:41AM,,In Reader, 6:21:06PM,,Out Reader,00:00,00:00,00:00,09:00,140:45:00
11/24/2015 (Tue), 9:17:10AM,,In Reader, 6:20:13PM,,Out Reader,00:00,00:00,00:00,09:00,149:45:00
11/25/2015 (Wed), 7:44:55AM,,In Reader,N/A,No Punch,,00:00,00:00,00:00,00:00,Error
,,,,,,,,,,,
Regular Time:,144:30:00,,,,,,,,,,
Overtime:,05:15,,,,,,,,,,
Grand Total:,Missing Punch,,,,,,,,,,
,,,,,,,,,,,
User Name: Generic Employee 28,Shift Name: Default,,,,,,,,,,
Event Date,In Time,In Status,In Door,Out Time,Out Status,Out Door,Lunch,Break,Supper,Daily,Running
10/24/2015 (Sat), 7:43:29AM,,In Reader,N/A,No Punch,,00:00,00:00,00:00,00:00,Error
10/25/2015 (Sun), 8:38:47AM,,In Reader,N/A,No Punch,,00:00,00:00,00:00,00:00,Error
10/26/2015 (Mon), 8:54:01AM,,In Reader, 6:03:21PM,,Out Reader,00:00,00:00,00:00,09:00,09:00
10/28/2015 (Wed), 9:58:56AM,,In Reader, 7:03:06PM,,Out Reader,00:00,00:00,00:00,09:00,18:00
10/29/2015 (Thu), 8:41:45AM,,In Reader, 6:02:37PM,,Out Reader,00:00,00:00,00:00,09:15,27:15:00
10/30/2015 (Fri),11:54:00AM,,In Reader, 9:02:40PM,,Out Reader,00:00,00:00,00:00,09:00,36:15:00
11/1/2015 (Sun), 8:53:46AM,,In Reader, 6:02:49PM,,Out Reader,00:00,00:00,00:00,09:00,45:15:00
11/2/2015 (Mon), 8:41:41AM,,In Reader, 5:07:06PM,,Out Reader,00:00,00:00,00:00,08:15,53:30:00
11/3/2015 (Tue), 7:42:47AM,,In Reader, 5:03:26PM,,Out Reader,00:00,00:00,00:00,09:15,62:45:00
11/4/2015 (Wed), 7:42:51AM,,In Reader, 5:02:30PM,,Out Reader,00:00,00:00,00:00,09:15,72:00:00
11/5/2015 (Thu), 7:44:35AM,,In Reader,N/A,No Punch,,00:00,00:00,00:00,00:00,Error
11/7/2015 (Sat),10:45:04AM,,In Reader, 8:02:15PM,,Out Reader,00:00,00:00,00:00,09:15,81:15:00
11/10/2015 (Tue),10:46:54AM,,In Reader, 8:03:04PM,,Out Reader,00:00,00:00,00:00,09:15,90:30:00
11/11/2015 (Wed), 7:41:29AM,,In Reader, 5:02:36PM,,Out Reader,00:00,00:00,00:00,09:15,99:45:00
11/12/2015 (Thu),10:41:16AM,,In Reader, 8:04:23PM,,Out Reader,00:00,00:00,00:00,09:15,109:00:00
11/13/2015 (Fri),10:46:57AM,,In Reader, 8:03:33PM,,Out Reader,00:00,00:00,00:00,09:15,118:15:00
11/15/2015 (Sun),10:45:00AM,,In Reader, 8:03:23PM,,Out Reader,00:00,00:00,00:00,09:15,127:30:00
11/17/2015 (Tue),10:38:53AM,,In Reader, 8:03:40PM,,Out Reader,00:00,00:00,00:00,09:15,136:45:00
11/18/2015 (Wed), 8:03:03AM,,In Reader, 5:06:29PM,,Out Reader,00:00,00:00,00:00,09:00,145:45:00
11/19/2015 (Thu),10:38:46AM,,In Reader, 8:02:11PM,,Out Reader,00:00,00:00,00:00,09:15,155:00:00
11/20/2015 (Fri),10:44:51AM,,In Reader, 8:02:43PM,,Out Reader,00:00,00:00,00:00,09:15,164:15:00
11/21/2015 (Sat), 9:45:12AM,,In Reader, 7:02:51PM,,Out Reader,00:00,00:00,00:00,09:15,173:30:00
11/23/2015 (Mon), 7:37:06AM,,In Reader, 5:02:40PM,,Out Reader,00:00,00:00,00:00,09:15,182:45:00
11/24/2015 (Tue), 8:41:12AM,,In Reader, 6:03:06PM,,Out Reader,00:00,00:00,00:00,09:15,192:00:00
,,,,,,,,,,,
Regular Time:,179:45:00,,,,,,,,,,
Overtime:,12:15,,,,,,,,,,
Grand Total:,Missing Punch,,,,,,,,,,
,,,,,,,,,,,
User Name: Generic Employee 29,Shift Name: Default,,,,,,,,,,
Event Date,In Time,In Status,In Door,Out Time,Out Status,Out Door,Lunch,Break,Supper,Daily,Running
10/26/2015 (Mon), 8:56:27AM,,In Reader, 6:03:37PM,,Out Reader,00:00,00:00,00:00,09:00,09:00
10/27/2015 (Tue), 8:55:12AM,,In Reader, 6:38:39PM,,Out Reader,00:00,00:00,00:00,09:30,18:30
10/28/2015 (Wed),N/A,No Punch,, 6:01:55PM,,Out Reader,00:00,00:00,00:00,00:00,Error
10/29/2015 (Thu), 8:59:43AM,,In Reader, 6:02:58PM,,Out Reader,00:00,00:00,00:00,09:00,27:30:00
11/1/2015 (Sun), 8:53:04AM,,In Reader, 6:03:00PM,,Out Reader,00:00,00:00,00:00,09:00,36:30:00
11/2/2015 (Mon),10:41:12AM,,In Reader, 8:01:56PM,,Out Reader,00:00,00:00,00:00,09:15,45:45:00
11/3/2015 (Tue),10:47:32AM,,In Reader, 8:00:24PM,,Out Reader,00:00,00:00,00:00,09:15,55:00:00
11/4/2015 (Wed),10:44:45AM,,In Reader, 8:00:40PM,,Out Reader,00:00,00:00,00:00,09:15,64:15:00
11/7/2015 (Sat), 8:02:08AM,,In Reader, 5:05:57PM,,Out Reader,00:00,00:00,00:00,09:00,73:15:00
11/8/2015 (Sun), 7:51:25AM,,In Reader, 5:04:54PM,,Out Reader,00:00,00:00,00:00,09:00,82:15:00
11/9/2015 (Mon), 7:48:51AM,,In Reader, 5:02:50PM,,Out Reader,00:00,00:00,00:00,09:15,91:30:00
11/10/2015 (Tue), 7:50:13AM,,In Reader,N/A,No Punch,,00:00,00:00,00:00,00:00,Error
11/11/2015 (Wed), 7:54:10AM,,In Reader, 5:03:46PM,,Out Reader,00:00,00:00,00:00,09:00,100:30:00
11/13/2015 (Fri), 7:54:39AM,,In Reader, 5:02:42PM,,Out Reader,00:00,00:00,00:00,09:00,109:30:00
11/14/2015 (Sat), 7:49:12AM,,In Reader, 5:09:15PM,,Out Reader,00:00,00:00,00:00,09:00,118:30:00
11/16/2015 (Mon), 7:49:24AM,,In Reader, 5:03:58PM,,Out Reader,00:00,00:00,00:00,09:00,127:30:00
11/17/2015 (Tue), 7:53:34AM,,In Reader, 5:03:31PM,,Out Reader,00:00,00:00,00:00,09:00,136:30:00
11/18/2015 (Wed), 7:58:11AM,,In Reader, 5:03:36PM,,Out Reader,00:00,00:00,00:00,09:00,145:30:00
11/20/2015 (Fri), 7:55:31AM,,In Reader, 5:05:07PM,,Out Reader,00:00,00:00,00:00,09:00,154:30:00
11/21/2015 (Sat), 7:45:56AM,,In Reader, 5:05:30PM,,Out Reader,00:00,00:00,00:00,09:15,163:45:00
11/23/2015 (Mon),10:32:00AM,,In Reader, 8:05:15PM,,Out Reader,00:00,00:00,00:00,09:30,173:15:00
11/24/2015 (Tue),10:49:53AM,,In Reader, 8:05:39PM,,Out Reader,00:00,00:00,00:00,09:00,182:15:00
,,,,,,,,,,,
Regular Time:,172:00:00,,,,,,,,,,
Overtime:,10:15,,,,,,,,,,
Grand Total:,Missing Punch,,,,,,,,,,
,,,,,,,,,,,
User Name: Generic Employee 30,Shift Name: Default,,,,,,,,,,
Event Date,In Time,In Status,In Door,Out Time,Out Status,Out Door,Lunch,Break,Supper,Daily,Running
10/25/2015 (Sun), 8:38:37AM,,In Reader, 6:01:51PM,,Out Reader,00:00,00:00,00:00,09:15,09:15
10/27/2015 (Tue), 8:34:42AM,,In Reader, 6:05:46PM,,Out Reader,00:00,00:00,00:00,09:15,18:30
10/30/2015 (Fri),11:56:07AM,,In Reader, 9:12:08PM,,Out Reader,00:00,00:00,00:00,09:00,27:30:00
10/31/2015 (Sat),11:55:34AM,,In Reader, 9:07:48PM,,Out Reader,00:00,00:00,00:00,09:00,36:30:00
11/1/2015 (Sun),11:50:22AM,,In Reader, 9:08:59PM,,Out Reader,00:00,00:00,00:00,09:00,45:30:00
11/2/2015 (Mon),10:59:30AM,,In Reader, 8:05:27PM,,Out Reader,00:00,00:00,00:00,09:00,54:30:00
11/3/2015 (Tue),10:54:11AM,,In Reader, 8:07:40PM,,Out Reader,00:00,00:00,00:00,09:00,63:30:00
11/6/2015 (Fri),11:01:32AM,,In Reader, 8:10:26PM,,Out Reader,00:00,00:00,00:00,09:00,72:30:00
11/7/2015 (Sat), 7:48:27AM,,In Reader, 5:02:51PM,,Out Reader,00:00,00:00,00:00,09:15,81:45:00
11/8/2015 (Sun), 7:25:54AM,,In Reader, 5:02:23PM,,Out Reader,00:00,00:00,00:00,09:30,91:15:00
11/9/2015 (Mon), 9:53:44AM,,In Reader, 6:58:26PM,,Out Reader,00:00,00:00,00:00,08:45,100:00:00
11/12/2015 (Thu), 7:32:52AM,,In Reader, 5:04:30PM,,Out Reader,00:00,00:00,00:00,09:30,109:30:00
11/13/2015 (Fri), 7:27:26AM,,In Reader, 5:00:24PM,,Out Reader,00:00,00:00,00:00,09:30,119:00:00
11/14/2015 (Sat), 7:31:20AM,,In Reader, 5:06:16PM,,Out Reader,00:00,00:00,00:00,09:30,128:30:00
11/15/2015 (Sun), 7:45:30AM,,In Reader, 5:01:47PM,,Out Reader,00:00,00:00,00:00,09:15,137:45:00
11/16/2015 (Mon), 7:28:55AM,,In Reader, 5:04:38PM,,Out Reader,00:00,00:00,00:00,09:30,147:15:00
11/18/2015 (Wed),10:51:45AM,,In Reader, 8:09:50PM,,Out Reader,00:00,00:00,00:00,09:00,156:15:00
11/19/2015 (Thu),10:54:15AM,,In Reader, 8:16:51PM,,Out Reader,00:00,00:00,00:00,09:15,165:30:00
,,,,,,,,,,,
Regular Time:,147:30:00,,,,,,,,,,
Overtime:,18:00,,,,,,,,,,
Grand Total:,165:30:00,,,,,,,,,,
,,,,,,,,,,,
User Name: Generic Employee 31,Shift Name: Default,,,,,,,,,,
Event Date,In Time,In Status,In Door,Out Time,Out Status,Out Door,Lunch,Break,Supper,Daily,Running
10/31/2015 (Sat),11:28:03AM,,In Reader, 9:06:24PM,,Out Reader,00:00,00:00,00:00,09:30,09:30
11/2/2015 (Mon),10:38:33AM,,In Reader, 8:05:06PM,,Out Reader,00:00,00:00,00:00,09:15,18:45
11/3/2015 (Tue),10:30:46AM,,In Reader, 8:02:09PM,,Out Reader,00:00,00:00,00:00,09:30,28:15:00
11/4/2015 (Wed),10:44:50AM,,In Reader, 8:01:58PM,,Out Reader,00:00,00:00,00:00,09:15,37:30:00
11/5/2015 (Thu), 8:49:31AM,,In Reader, 6:05:45PM,,Out Reader,00:00,00:00,00:00,09:00,46:30:00
11/7/2015 (Sat), 7:48:23AM,,In Reader, 5:06:01PM,,Out Reader,00:00,00:00,00:00,09:15,55:45:00
11/10/2015 (Tue),10:35:04AM,,In Reader, 8:05:33PM,,Out Reader,00:00,00:00,00:00,09:15,65:00:00
11/11/2015 (Wed),12:11:07PM,,In Reader, 8:04:16PM,,Out Reader,00:00,00:00,00:00,07:45,72:45:00
11/12/2015 (Thu),10:31:49AM,,In Reader, 8:05:13PM,,Out Reader,00:00,00:00,00:00,09:30,82:15:00
11/13/2015 (Fri), 7:47:31AM,,In Reader, 5:06:45PM,,Out Reader,00:00,00:00,00:00,09:15,91:30:00
11/15/2015 (Sun), 9:37:05AM,,In Reader, 7:02:51PM,,Out Reader,00:00,00:00,00:00,09:15,100:45:00
11/16/2015 (Mon), 7:51:54AM,,In Reader, 5:02:19PM,,Out Reader,00:00,00:00,00:00,09:00,109:45:00
11/19/2015 (Thu),10:48:46AM,,In Reader, 8:15:46PM,,Out Reader,00:00,00:00,00:00,09:30,119:15:00
11/20/2015 (Fri), 9:47:07AM,,In Reader, 7:06:35PM,,Out Reader,00:00,00:00,00:00,09:15,128:30:00
11/21/2015 (Sat), 9:47:02AM,,In Reader, 7:07:05PM,,Out Reader,00:00,00:00,00:00,09:15,137:45:00
11/22/2015 (Sun), 9:55:59AM,,In Reader, 7:05:04PM,,Out Reader,00:00,00:00,00:00,09:00,146:45:00
11/23/2015 (Mon),10:45:57AM,,In Reader, 8:05:11PM,,Out Reader,00:00,00:00,00:00,09:15,156:00:00
,,,,,,,,,,,
Regular Time:,144:30:00,,,,,,,,,,
Overtime:,11:30,,,,,,,,,,
Grand Total:,156:00:00,,,,,,,,,,
,,,,,,,,,,,
User Name: Generic Employee 32,Shift Name: Default,,,,,,,,,,
Event Date,In Time,In Status,In Door,Out Time,Out Status,Out Door,Lunch,Break,Supper,Daily,Running
10/24/2015 (Sat),10:54:11AM,,In Reader, 8:01:58PM,,Out Reader,00:00,00:00,00:00,09:00,09:00
10/26/2015 (Mon), 9:10:29AM,,In Reader,N/A,No Punch,,00:00,00:00,00:00,00:00,Error
10/27/2015 (Tue),11:53:41AM,,In Reader,N/A,No Punch,,00:00,00:00,00:00,00:00,Error
10/27/2015 (Tue), 8:58:30AM,,In Reader, 6:01:19PM,,Out Reader,00:00,00:00,00:00,09:00,18:00
10/29/2015 (Thu), 8:54:57AM,,In Reader,N/A,No Punch,,00:00,00:00,00:00,00:00,Error
11/1/2015 (Sun),11:50:30AM,,In Reader, 9:06:11PM,,Out Reader,00:00,00:00,00:00,09:00,27:00:00
11/2/2015 (Mon),10:46:54AM,,In Reader, 8:03:31PM,,Out Reader,00:00,00:00,00:00,09:15,36:15:00
11/3/2015 (Tue), 8:08:23AM,,In Reader,N/A,No Punch,,00:00,00:00,00:00,00:00,Error
11/7/2015 (Sat),10:54:56AM,,In Reader, 8:01:25PM,,Out Reader,00:00,00:00,00:00,09:00,45:15:00
11/8/2015 (Sun), 8:46:12AM,,In Reader, 6:02:18PM,,Out Reader,00:00,00:00,00:00,09:15,54:30:00
11/9/2015 (Mon),N/A,No Punch,, 8:02:30PM,,Out Reader,00:00,00:00,00:00,00:00,Error
11/16/2015 (Mon),10:47:34AM,,In Reader, 8:02:25PM,,Out Reader,00:00,00:00,00:00,09:15,63:45:00
11/18/2015 (Wed),10:44:52AM,,In Reader, 8:03:09PM,,Out Reader,00:00,00:00,00:00,09:15,73:00:00
11/19/2015 (Thu),11:01:19AM,,In Reader, 8:04:50PM,,Out Reader,00:00,00:00,00:00,09:00,82:00:00
11/20/2015 (Fri),10:50:13AM,,In Reader, 8:06:19PM,,Out Reader,00:00,00:00,00:00,09:00,91:00:00
11/21/2015 (Sat), 7:51:59AM,,In Reader, 5:03:05PM,,Out Reader,00:00,00:00,00:00,09:00,100:00:00
11/23/2015 (Mon), 8:04:15AM,,In Reader, 5:03:54PM,,Out Reader,00:00,00:00,00:00,08:45,108:45:00
11/24/2015 (Tue), 7:42:25AM,,In Reader, 5:02:08PM,,Out Reader,00:00,00:00,00:00,09:15,118:00:00
,,,,,,,,,,,
Regular Time:,118:00:00,,,,,,,,,,
Overtime:,00:00,,,,,,,,,,
Grand Total:,Missing Punch,,,,,,,,,,
,,,,,,,,,,,
User Name: Generic Employee 33,Shift Name: Default,,,,,,,,,,
Event Date,In Time,In Status,In Door,Out Time,Out Status,Out Door,Lunch,Break,Supper,Daily,Running
10/24/2015 (Sat), 7:44:55AM,,In Reader, 5:04:08PM,,Out Reader,00:00,00:00,00:00,09:15,09:15
10/27/2015 (Tue), 8:36:23AM,,In Reader, 6:01:22PM,,Out Reader,00:00,00:00,00:00,09:15,18:30
10/28/2015 (Wed),11:47:45AM,,In Reader, 9:03:50PM,,Out Reader,00:00,00:00,00:00,09:15,27:45:00
10/29/2015 (Thu),10:41:02AM,,In Reader, 8:05:22PM,,Out Reader,00:00,00:00,00:00,09:15,37:00:00
10/30/2015 (Fri),11:42:28AM,,In Reader, 9:03:24PM,,Out Reader,00:00,00:00,00:00,09:15,46:15:00
10/31/2015 (Sat), 9:02:42AM,,In Reader, 6:02:54PM,,Out Reader,00:00,00:00,00:00,09:00,55:15:00
11/2/2015 (Mon), 8:41:46AM,,In Reader, 5:02:17PM,,Out Reader,00:00,00:00,00:00,08:15,63:30:00
11/3/2015 (Tue), 9:47:34AM,,In Reader, 7:04:04PM,,Out Reader,00:00,00:00,00:00,09:15,72:45:00
11/4/2015 (Wed),10:36:38AM,,In Reader, 8:04:16PM,,Out Reader,00:00,00:00,00:00,09:15,82:00:00
11/5/2015 (Thu), 7:40:25AM,,In Reader, 5:03:08PM,,Out Reader,00:00,00:00,00:00,09:15,91:15:00
11/6/2015 (Fri), 7:39:51AM,,In Reader, 5:04:04PM,,Out Reader,00:00,00:00,00:00,09:15,100:30:00
11/11/2015 (Wed), 7:45:44AM,,In Reader,N/A,No Punch,,00:00,00:00,00:00,00:00,Error
11/12/2015 (Thu), 7:43:37AM,,In Reader, 5:06:27PM,,Out Reader,00:00,00:00,00:00,09:15,109:45:00
11/13/2015 (Fri), 7:35:28AM,,In Reader, 5:05:53PM,,Out Reader,00:00,00:00,00:00,09:15,119:00:00
11/14/2015 (Sat),10:36:03AM,,In Reader, 8:04:25PM,,Out Reader,00:00,00:00,00:00,09:15,128:15:00
11/15/2015 (Sun), 7:45:36AM,,In Reader, 5:05:28PM,,Out Reader,00:00,00:00,00:00,09:15,137:30:00
11/17/2015 (Tue), 7:46:48AM,,In Reader, 5:03:50PM,,Out Reader,00:00,00:00,00:00,09:15,146:45:00
11/18/2015 (Wed), 7:58:18AM,,In Reader, 5:02:27PM,,Out Reader,00:00,00:00,00:00,09:00,155:45:00
11/19/2015 (Thu),10:47:18AM,,In Reader, 8:02:49PM,,Out Reader,00:00,00:00,00:00,09:15,165:00:00
11/20/2015 (Fri),10:44:33AM,,In Reader, 8:03:19PM,,Out Reader,00:00,00:00,00:00,09:15,174:15:00
11/22/2015 (Sun),N/A,No Punch,, 5:03:07PM,,Out Reader,00:00,00:00,00:00,00:00,Error
11/23/2015 (Mon),N/A,No Punch,, 7:46:15AM,,Out Reader,00:00,00:00,00:00,00:00,Error
11/23/2015 (Mon),N/A,No Punch,, 5:05:46PM,,Out Reader,00:00,00:00,00:00,00:00,Error
11/24/2015 (Tue), 7:43:47AM,,In Reader, 5:05:26PM,,Out Reader,00:00,00:00,00:00,09:15,183:30:00
11/25/2015 (Wed), 8:43:40AM,,In Reader,N/A,No Punch,,00:00,00:00,00:00,00:00,Error
,,,,,,,,,,,
Regular Time:,147:45:00,,,,,,,,,,
Overtime:,35:45:00,,,,,,,,,,
Grand Total:,Missing Punch,,,,,,,,,,
,,,,,,,,,,,
User Name: Generic Employee 34,Shift Name: Default,,,,,,,,,,
Event Date,In Time,In Status,In Door,Out Time,Out Status,Out Door,Lunch,Break,Supper,Daily,Running
10/28/2015 (Wed),11:52:17AM,,In Reader, 9:05:44PM,,Out Reader,00:00,00:00,00:00,09:00,09:00
10/29/2015 (Thu),11:58:05AM,,In Reader,N/A,No Punch,,00:00,00:00,00:00,00:00,Error
10/30/2015 (Fri),N/A,No Punch,, 6:02:14PM,,Out Reader,00:00,00:00,00:00,00:00,Error
11/1/2015 (Sun), 5:16:19PM,,In Reader,N/A,No Punch,,00:00,00:00,00:00,00:00,Error
11/1/2015 (Sun),12:42:18PM,,In Reader, 7:59:44PM,,Out Reader,00:00,00:00,00:00,07:00,16:00
11/3/2015 (Tue),10:31:24AM,,In Reader,N/A,No Punch,,00:00,00:00,00:00,00:00,Error
11/5/2015 (Thu),N/A,No Punch,, 8:08:08PM,,Out Reader,00:00,00:00,00:00,00:00,Error
11/9/2015 (Mon), 8:12:00AM,,In Reader, 5:22:30PM,,Out Reader,00:00,00:00,00:00,09:00,25:00:00
11/10/2015 (Tue), 8:37:49AM,,In Reader,N/A,No Punch,,00:00,00:00,00:00,00:00,Error
11/11/2015 (Wed),11:00:11AM,,In Reader, 8:05:52PM,,Out Reader,00:00,00:00,00:00,09:00,34:00:00
11/12/2015 (Thu),10:59:38AM,,In Reader, 8:05:16PM,,Out Reader,00:00,00:00,00:00,09:00,43:00:00
11/13/2015 (Fri),N/A,No Punch,, 7:00:48PM,,Out Reader,00:00,00:00,00:00,00:00,Error
11/17/2015 (Tue), 7:54:55AM,,In Reader, 5:04:09PM,,Out Reader,00:00,00:00,00:00,09:00,52:00:00
11/18/2015 (Wed), 7:58:14AM,,In Reader, 4:59:53PM,,Out Reader,00:00,00:00,00:00,08:45,60:45:00
11/19/2015 (Thu), 7:49:49AM,,In Reader, 5:00:26PM,,Out Reader,00:00,00:00,00:00,09:00,69:45:00
11/20/2015 (Fri), 7:45:48AM,,In Reader, 5:07:37PM,,Out Reader,00:00,00:00,00:00,09:15,79:00:00
11/21/2015 (Sat), 7:51:14AM,,In Reader, 5:00:20PM,,Out Reader,00:00,00:00,00:00,09:00,88:00:00
11/23/2015 (Mon), 7:27:24AM,,In Reader, 5:00:17PM,,Out Reader,00:00,00:00,00:00,09:30,97:30:00
11/24/2015 (Tue), 7:39:28AM,,In Reader, 5:14:13PM,,Out Reader,00:00,00:00,00:00,09:15,106:45:00
11/25/2015 (Wed), 7:33:18AM,,In Reader,N/A,No Punch,,00:00,00:00,00:00,00:00,Error
,,,,,,,,,,,
Regular Time:,106:45:00,,,,,,,,,,
Overtime:,00:00,,,,,,,,,,
Grand Total:,Missing Punch,,,,,,,,,,
,,,,,,,,,,,
User Name: Generic Employee 35,Shift Name: Default,,,,,,,,,,
Event Date,In Time,In Status,In Door,Out Time,Out Status,Out Door,Lunch,Break,Supper,Daily,Running
10/26/2015 (Mon), 8:49:43AM,,In Reader, 6:04:36PM,,Out Reader,00:00,00:00,00:00,09:00,09:00
10/27/2015 (Tue),10:11:44AM,,In Reader, 6:12:31PM,,Out Reader,00:00,00:00,00:00,07:45,16:45
10/28/2015 (Wed), 8:48:38AM,,In Reader, 6:06:51PM,,Out Reader,00:00,00:00,00:00,09:15,26:00:00
10/29/2015 (Thu), 8:48:47AM,,In Reader, 6:17:04PM,,Out Reader,00:00,00:00,00:00,09:30,35:30:00
10/30/2015 (Fri), 8:37:21AM,,In Reader,N/A,No Punch,,00:00,00:00,00:00,00:00,Error
11/4/2015 (Wed), 8:04:57AM,,In Reader, 5:05:46PM,,Out Reader,00:00,00:00,00:00,08:45,44:15:00
11/5/2015 (Thu), 7:51:13AM,,In Reader,N/A,No Punch,,00:00,00:00,00:00,00:00,Error
11/6/2015 (Fri), 7:59:56AM,,In Reader, 5:14:56PM,,Out Reader,00:00,00:00,00:00,09:00,53:15:00
11/16/2015 (Mon), 8:07:48AM,,In Reader,N/A,No Punch,,00:00,00:00,00:00,00:00,Error
11/17/2015 (Tue), 7:55:56AM,,In Reader,N/A,No Punch,,00:00,00:00,00:00,00:00,Error
11/18/2015 (Wed), 7:58:32AM,,In Reader, 5:18:14PM,,Out Reader,00:00,00:00,00:00,09:15,62:30:00
11/19/2015 (Thu),N/A,No Punch,, 5:08:23PM,,Out Reader,00:00,00:00,00:00,00:00,Error
11/20/2015 (Fri), 7:46:09AM,,In Reader, 5:07:49PM,,Out Reader,00:00,00:00,00:00,09:15,71:45:00
11/24/2015 (Tue), 7:56:43AM,,In Reader, 5:44:34PM,,Out Reader,00:00,00:00,00:00,09:30,81:15:00
11/25/2015 (Wed), 7:36:39AM,,In Reader,N/A,No Punch,,00:00,00:00,00:00,00:00,Error
,,,,,,,,,,,
Regular Time:,81:15:00,,,,,,,,,,
Overtime:,00:00,,,,,,,,,,
Grand Total:,Missing Punch,,,,,,,,,,
